,Rank,Features,Accuracy,Precision,Recall,F1 score,Learning_rate,Loss,Max_depth,Max_features,Min_samples_split,N_estimators
0,1,"a, e",1.000,0.949,0.977,0.962,0.2,exponential,8.0,sqrt,8,95
1,2,"a, sinI",1.000,0.949,0.977,0.962,0.2,exponential,8.0,sqrt,25,95
2,3,"a, e",1.000,0.956,0.970,0.962,0.2,exponential,8.0,sqrt,49,95
3,4,"a, e",1.000,0.956,0.970,0.962,0.2,exponential,8.0,sqrt,57,55
4,5,"a, e",1.000,0.956,0.970,0.962,0.2,exponential,8.0,sqrt,59,55
5,6,"a, sinI",1.000,0.955,0.969,0.962,0.2,exponential,,sqrt,19,55
6,7,"a, sinI",1.000,0.955,0.969,0.962,0.2,exponential,8.0,sqrt,5,95
7,8,"a, sinI",1.000,0.955,0.969,0.962,0.2,exponential,8.0,sqrt,26,55
8,9,"a, sinI",1.000,0.955,0.969,0.962,0.2,exponential,8.0,sqrt,26,95
9,10,"a, sinI",1.000,0.955,0.969,0.962,0.2,exponential,8.0,sqrt,28,55
10,11,"a, sinI",1.000,0.955,0.969,0.962,0.2,exponential,8.0,sqrt,38,55
11,12,"a, sinI",1.000,0.955,0.969,0.962,0.2,exponential,8.0,sqrt,41,55
12,13,"a, sinI",1.000,0.955,0.969,0.962,0.2,exponential,8.0,sqrt,53,55
13,14,"a, e",1.000,0.963,0.962,0.962,0.2,exponential,,sqrt,54,55
14,15,"a, e",1.000,0.963,0.962,0.962,0.2,exponential,,sqrt,56,55
15,16,"a, e",1.000,0.963,0.962,0.962,0.2,exponential,,sqrt,58,55
16,17,"a, e",1.000,0.963,0.962,0.962,0.2,exponential,,sqrt,60,55
17,18,"a, sinI",1.000,0.962,0.962,0.962,0.2,exponential,8.0,sqrt,16,55
18,19,"a, sinI",1.000,0.962,0.962,0.961,0.2,exponential,8.0,sqrt,47,55
19,20,"a, sinI",1.000,0.962,0.962,0.961,0.2,exponential,8.0,sqrt,49,55
20,21,"a, sinI",1.000,0.962,0.962,0.961,0.2,exponential,8.0,sqrt,56,55
21,22,"a, sinI",1.000,0.969,0.954,0.961,0.2,exponential,8.0,sqrt,43,95
22,23,"a, e, n",1.000,0.971,0.955,0.961,0.2,exponential,,sqrt,4,95
23,24,"a, e",1.000,0.949,0.970,0.959,0.2,exponential,8.0,sqrt,60,55
24,25,"a, sinI",1.000,0.948,0.970,0.959,0.2,exponential,,sqrt,15,95
25,26,"a, e",1.000,0.949,0.970,0.958,0.2,exponential,8.0,sqrt,10,95
26,27,"a, e",1.000,0.949,0.970,0.958,0.2,exponential,8.0,sqrt,18,95
27,28,"a, e",1.000,0.949,0.970,0.958,0.2,exponential,8.0,sqrt,30,95
28,29,"a, e",1.000,0.949,0.970,0.958,0.2,exponential,8.0,sqrt,32,95
29,30,"a, e",1.000,0.949,0.970,0.958,0.2,exponential,8.0,sqrt,43,95
30,31,"a, sinI",1.000,0.948,0.969,0.958,0.2,exponential,,sqrt,13,95
31,32,"a, sinI",1.000,0.948,0.969,0.958,0.2,exponential,,sqrt,16,95
32,33,"a, sinI",1.000,0.948,0.969,0.958,0.2,exponential,8.0,sqrt,7,55
33,34,"a, sinI",1.000,0.948,0.969,0.958,0.2,exponential,8.0,sqrt,7,95
34,35,"a, sinI",1.000,0.948,0.969,0.958,0.2,exponential,8.0,sqrt,9,95
35,36,"a, sinI",1.000,0.948,0.969,0.958,0.2,exponential,8.0,sqrt,14,95
36,37,"a, sinI",1.000,0.948,0.969,0.958,0.2,exponential,8.0,sqrt,21,55
37,38,"a, sinI",1.000,0.948,0.969,0.958,0.2,exponential,8.0,sqrt,22,55
38,39,"a, sinI",1.000,0.948,0.969,0.958,0.2,exponential,8.0,sqrt,23,55
39,40,"a, sinI",1.000,0.948,0.969,0.958,0.2,exponential,8.0,sqrt,24,55
40,41,"a, sinI",1.000,0.948,0.969,0.958,0.2,exponential,8.0,sqrt,25,55
41,42,"a, sinI",1.000,0.948,0.969,0.958,0.2,exponential,8.0,sqrt,29,95
42,43,"a, sinI",1.000,0.955,0.962,0.958,0.2,exponential,,sqrt,17,95
43,44,"a, sinI",1.000,0.948,0.969,0.958,0.2,exponential,8.0,sqrt,17,95
44,45,"a, sinI",1.000,0.948,0.969,0.958,0.2,exponential,8.0,sqrt,37,55
45,46,"a, sinI",1.000,0.948,0.969,0.958,0.2,exponential,8.0,sqrt,8,95
46,47,"a, sinI",1.000,0.948,0.969,0.958,0.2,exponential,8.0,sqrt,40,55
47,48,"a, e",1.000,0.955,0.962,0.958,0.2,exponential,8.0,sqrt,12,95
48,49,"a, e",1.000,0.955,0.962,0.958,0.2,exponential,8.0,sqrt,25,55
49,50,"a, e",1.000,0.955,0.962,0.958,0.2,exponential,8.0,sqrt,26,55
50,51,"a, e",1.000,0.955,0.962,0.958,0.2,exponential,8.0,sqrt,27,55
51,52,"a, e",1.000,0.955,0.962,0.958,0.2,exponential,8.0,sqrt,37,55
52,53,"a, e",1.000,0.955,0.962,0.958,0.2,exponential,8.0,sqrt,38,55
53,54,"a, e",1.000,0.955,0.962,0.958,0.2,exponential,8.0,sqrt,40,55
54,55,"a, e",1.000,0.955,0.962,0.958,0.2,exponential,8.0,sqrt,44,95
55,56,"a, e",1.000,0.955,0.962,0.958,0.2,exponential,8.0,sqrt,46,55
56,57,"a, e",1.000,0.955,0.962,0.958,0.2,exponential,8.0,sqrt,46,95
57,58,"a, e",1.000,0.955,0.962,0.958,0.2,exponential,8.0,sqrt,48,55
58,59,"a, e",1.000,0.955,0.962,0.958,0.2,exponential,8.0,sqrt,49,55
59,60,"a, e",1.000,0.955,0.962,0.958,0.2,exponential,8.0,sqrt,50,55
60,61,"a, e",1.000,0.955,0.962,0.958,0.2,exponential,8.0,sqrt,51,55
61,62,"a, e",1.000,0.955,0.962,0.958,0.2,exponential,8.0,sqrt,52,55
62,63,"a, e",1.000,0.955,0.962,0.958,0.2,exponential,8.0,sqrt,53,55
63,64,"a, e",1.000,0.955,0.962,0.958,0.2,exponential,8.0,sqrt,54,55
64,65,"a, e",1.000,0.955,0.962,0.958,0.2,exponential,8.0,sqrt,55,55
65,66,"a, e",1.000,0.955,0.962,0.958,0.2,exponential,8.0,sqrt,56,55
66,67,"a, sinI",1.000,0.954,0.962,0.958,0.2,exponential,,sqrt,11,95
67,68,"a, e",1.000,0.956,0.962,0.958,0.2,exponential,,sqrt,15,55
68,69,"a, e",1.000,0.956,0.962,0.958,0.2,exponential,,sqrt,23,55
69,70,"a, e",1.000,0.956,0.962,0.958,0.2,exponential,,sqrt,27,55
70,71,"a, e",1.000,0.956,0.962,0.958,0.2,exponential,,sqrt,40,95
71,72,"a, e",1.000,0.956,0.962,0.958,0.2,exponential,,sqrt,46,55
72,73,"a, e",1.000,0.956,0.962,0.958,0.2,exponential,,sqrt,47,55
73,74,"a, e",1.000,0.956,0.962,0.958,0.2,exponential,,sqrt,48,55
74,75,"a, e",1.000,0.956,0.962,0.958,0.2,exponential,,sqrt,49,55
75,76,"a, e",1.000,0.956,0.962,0.958,0.2,exponential,,sqrt,55,55
76,77,"a, e",1.000,0.956,0.962,0.958,0.2,exponential,8.0,sqrt,18,55
77,78,"a, e",1.000,0.955,0.962,0.958,0.2,exponential,8.0,sqrt,24,55
78,79,"a, e",1.000,0.956,0.962,0.958,0.2,exponential,8.0,sqrt,58,55
79,80,"a, sinI",1.000,0.955,0.962,0.958,0.2,exponential,,sqrt,10,55
80,81,"a, sinI",1.000,0.955,0.962,0.958,0.2,exponential,,sqrt,23,55
81,82,"a, sinI",1.000,0.955,0.962,0.958,0.2,exponential,8.0,sqrt,17,55
82,83,"a, sinI",1.000,0.955,0.962,0.958,0.2,exponential,8.0,sqrt,29,55
83,84,"a, sinI",1.000,0.955,0.962,0.958,0.2,exponential,8.0,sqrt,31,55
84,85,"a, sinI",1.000,0.955,0.962,0.958,0.2,exponential,8.0,sqrt,32,55
85,86,"a, sinI",1.000,0.955,0.962,0.958,0.2,exponential,8.0,sqrt,35,55
86,87,"a, sinI",1.000,0.955,0.962,0.958,0.2,exponential,8.0,sqrt,45,55
87,88,"a, sinI",1.000,0.955,0.962,0.958,0.2,exponential,8.0,sqrt,50,55
88,89,"a, sinI",1.000,0.955,0.962,0.958,0.2,exponential,8.0,sqrt,57,55
89,90,"a, sinI",1.000,0.954,0.962,0.958,0.2,exponential,,sqrt,36,95
90,91,"a, sinI",1.000,0.954,0.962,0.958,0.2,exponential,8.0,sqrt,43,55
91,92,"a, sinI",1.000,0.954,0.962,0.958,0.2,exponential,8.0,sqrt,46,55
92,93,"a, sinI",1.000,0.954,0.962,0.958,0.2,exponential,8.0,sqrt,52,55
93,94,"a, sinI",1.000,0.954,0.962,0.958,0.2,exponential,8.0,sqrt,55,55
94,95,"a, sinI",1.000,0.955,0.962,0.958,0.2,exponential,8.0,sqrt,48,55
95,96,"a, sinI",1.000,0.955,0.962,0.958,0.2,exponential,8.0,sqrt,60,95
96,97,"a, sinI",1.000,0.955,0.962,0.958,0.2,exponential,8.0,sqrt,54,55
97,98,"a, e, n",1.000,0.956,0.963,0.958,0.2,exponential,8.0,sqrt,7,95
98,99,"a, e, n",1.000,0.956,0.963,0.958,0.2,exponential,8.0,sqrt,47,95
99,100,"a, e",1.000,0.962,0.955,0.958,0.2,exponential,,sqrt,28,55
100,101,"a, e",1.000,0.962,0.955,0.958,0.2,exponential,,sqrt,29,55
101,102,"a, e",1.000,0.962,0.955,0.958,0.2,exponential,,sqrt,59,55
102,103,"a, sinI",1.000,0.962,0.954,0.958,0.2,exponential,,sqrt,13,55
103,104,"a, e",1.000,0.962,0.955,0.958,0.2,exponential,,sqrt,22,55
104,105,"a, sinI",1.000,0.954,0.962,0.958,0.2,exponential,,sqrt,19,95
105,106,"a, sinI",1.000,0.961,0.954,0.958,0.2,exponential,,sqrt,14,95
106,107,"a, sinI",1.000,0.961,0.954,0.958,0.2,exponential,8.0,sqrt,30,55
107,108,"a, sinI",1.000,0.961,0.954,0.958,0.2,exponential,8.0,sqrt,42,55
108,109,"a, sinI",1.000,0.961,0.954,0.958,0.2,exponential,8.0,sqrt,44,55
109,110,"a, e",1.000,0.963,0.955,0.957,0.2,exponential,,sqrt,34,55
110,111,"a, e",1.000,0.963,0.955,0.957,0.2,exponential,,sqrt,37,55
111,112,"a, e",1.000,0.963,0.955,0.957,0.2,exponential,,sqrt,52,55
112,113,"a, e",1.000,0.963,0.955,0.957,0.2,exponential,,sqrt,53,55
113,114,"a, e, n",1.000,0.957,0.963,0.957,0.2,exponential,8.0,sqrt,11,55
114,115,"a, e, n",1.000,0.957,0.963,0.957,0.2,exponential,8.0,sqrt,29,95
115,116,"a, e, n",1.000,0.957,0.963,0.957,0.2,exponential,8.0,sqrt,14,55
116,117,"a, e, n",1.000,0.957,0.963,0.957,0.2,exponential,8.0,sqrt,33,55
117,118,"a, sinI",1.000,0.961,0.954,0.957,0.2,exponential,8.0,sqrt,60,55
118,119,"a, e, n",1.000,0.963,0.955,0.957,0.2,exponential,,sqrt,15,55
119,120,"a, e, n",1.000,0.963,0.955,0.957,0.2,exponential,,sqrt,28,55
120,121,"a, e, n",1.000,0.963,0.955,0.957,0.2,exponential,8.0,sqrt,17,55
121,122,"a, e, n",1.000,0.963,0.955,0.957,0.2,exponential,8.0,sqrt,26,55
122,123,"a, e, n",1.000,0.963,0.955,0.957,0.2,exponential,8.0,sqrt,29,55
123,124,"a, e, n",1.000,0.972,0.948,0.957,0.2,exponential,,sqrt,2,55
124,125,"a, sinI",1.000,0.935,0.977,0.955,0.2,exponential,8.0,sqrt,32,95
125,126,"a, e",1.000,0.943,0.970,0.955,0.2,exponential,8.0,sqrt,60,95
126,127,"a, e",1.000,0.944,0.970,0.955,0.2,exponential,,sqrt,60,95
127,128,"a, e",1.000,0.942,0.970,0.955,0.2,exponential,8.0,sqrt,35,95
128,129,"a, sinI",1.000,0.941,0.970,0.955,0.2,exponential,8.0,sqrt,16,95
129,130,"a, sinI",1.000,0.942,0.969,0.955,0.2,exponential,8.0,sqrt,12,95
130,131,"a, sinI",1.000,0.942,0.969,0.955,0.2,exponential,8.0,sqrt,41,95
131,132,"a, sinI",1.000,0.941,0.969,0.955,0.2,exponential,8.0,sqrt,8,55
132,133,"a, sinI",1.000,0.941,0.969,0.955,0.2,exponential,8.0,sqrt,33,55
133,134,"a, sinI",1.000,0.941,0.969,0.955,0.2,exponential,8.0,sqrt,44,95
134,135,"a, sinI",1.000,0.941,0.969,0.955,0.2,exponential,8.0,sqrt,53,95
135,136,"a, sinI",1.000,0.941,0.969,0.955,0.2,exponential,8.0,sqrt,6,95
136,137,"a, sinI",1.000,0.941,0.969,0.955,0.2,exponential,8.0,sqrt,10,55
137,138,"a, sinI",1.000,0.941,0.969,0.955,0.2,exponential,8.0,sqrt,10,95
138,139,"a, sinI",1.000,0.941,0.969,0.955,0.2,exponential,8.0,sqrt,18,55
139,140,"a, sinI",1.000,0.941,0.969,0.955,0.2,exponential,8.0,sqrt,19,95
140,141,"a, sinI",1.000,0.941,0.969,0.955,0.2,exponential,8.0,sqrt,21,95
141,142,"a, e",1.000,0.948,0.962,0.955,0.2,exponential,8.0,sqrt,35,55
142,143,"a, e",1.000,0.948,0.962,0.955,0.2,exponential,8.0,sqrt,41,55
143,144,"a, sinI",1.000,0.948,0.962,0.955,0.2,exponential,,sqrt,30,55
144,145,"a, sinI",1.000,0.948,0.962,0.955,0.2,exponential,,sqrt,38,95
145,146,"a, sinI",1.000,0.948,0.962,0.955,0.2,exponential,,sqrt,59,55
146,147,"a, sinI",1.000,0.948,0.962,0.955,0.2,exponential,,sqrt,60,55
147,148,"a, sinI",1.000,0.948,0.962,0.955,0.2,exponential,,sqrt,12,95
148,149,"a, sinI",1.000,0.948,0.962,0.955,0.2,exponential,,sqrt,52,55
149,150,"a, e, n, sinI",1.000,0.943,0.970,0.955,0.2,exponential,,sqrt,24,95
150,151,"a, e",1.000,0.948,0.962,0.954,0.2,exponential,8.0,sqrt,9,95
151,152,"a, e",1.000,0.948,0.962,0.954,0.2,exponential,8.0,sqrt,33,95
152,153,"a, e",1.000,0.948,0.962,0.954,0.2,exponential,8.0,sqrt,37,95
153,154,"a, e",1.000,0.948,0.962,0.954,0.2,exponential,8.0,sqrt,40,95
154,155,"a, e",1.000,0.948,0.962,0.954,0.2,exponential,8.0,sqrt,42,95
155,156,"a, e",1.000,0.948,0.962,0.954,0.2,exponential,8.0,sqrt,50,95
156,157,"a, e",1.000,0.949,0.962,0.954,0.2,exponential,,sqrt,50,55
157,158,"a, e",1.000,0.949,0.962,0.954,0.2,exponential,8.0,sqrt,11,95
158,159,"a, sinI",1.000,0.948,0.962,0.954,0.2,exponential,8.0,sqrt,2,95
159,160,"a, sinI",1.000,0.948,0.962,0.954,0.2,exponential,8.0,sqrt,19,55
160,161,"a, sinI",1.000,0.948,0.962,0.954,0.2,exponential,8.0,sqrt,27,55
161,162,"a, e, n",1.000,0.951,0.963,0.954,0.2,exponential,8.0,sqrt,23,95
162,163,"a, e",1.000,0.948,0.962,0.954,0.2,exponential,8.0,sqrt,16,95
163,164,"a, sinI",1.000,0.948,0.962,0.954,0.2,exponential,,sqrt,9,95
164,165,"a, sinI",1.000,0.948,0.962,0.954,0.2,exponential,8.0,sqrt,47,95
165,166,"a, sinI",1.000,0.948,0.962,0.954,0.2,exponential,8.0,sqrt,59,95
166,167,"a, e, n, sinI",1.000,0.949,0.963,0.954,0.2,exponential,,sqrt,57,55
167,168,"a, e, n",1.000,0.950,0.963,0.954,0.2,exponential,8.0,sqrt,5,95
168,169,"a, e, n",1.000,0.950,0.963,0.954,0.2,exponential,8.0,sqrt,14,95
169,170,"a, e, n",1.000,0.950,0.963,0.954,0.2,exponential,8.0,sqrt,19,55
170,171,"a, sinI",1.000,0.947,0.962,0.954,0.2,exponential,8.0,sqrt,51,95
171,172,"a, sinI",1.000,0.947,0.962,0.954,0.2,exponential,,sqrt,24,55
172,173,"a, sinI",1.000,0.947,0.962,0.954,0.2,exponential,8.0,sqrt,34,55
173,174,"a, sinI",1.000,0.947,0.962,0.954,0.2,exponential,8.0,sqrt,58,55
174,175,"a, e",1.000,0.956,0.955,0.954,0.2,exponential,,sqrt,16,55
175,176,"a, sinI",1.000,0.947,0.962,0.954,0.2,exponential,,sqrt,58,55
176,177,"a, e, n, sinI",1.000,0.949,0.963,0.954,0.2,exponential,,sqrt,20,95
177,178,"a, e, n, sinI",1.000,0.949,0.963,0.954,0.2,exponential,,sqrt,31,95
178,179,"a, e, n, sinI",1.000,0.949,0.963,0.954,0.2,exponential,,sqrt,40,95
179,180,"a, e, n, sinI",1.000,0.949,0.963,0.954,0.2,exponential,,sqrt,41,95
180,181,"a, e, n, sinI",1.000,0.949,0.963,0.954,0.2,exponential,,sqrt,55,95
181,182,"a, e, n, sinI",1.000,0.949,0.963,0.954,0.2,exponential,,sqrt,57,95
182,183,"a, e, n",1.000,0.957,0.955,0.954,0.2,exponential,,sqrt,25,95
183,184,"a, e",1.000,0.955,0.955,0.954,0.2,exponential,,sqrt,6,95
184,185,"a, e",1.000,0.955,0.955,0.954,0.2,exponential,,sqrt,8,95
185,186,"a, e",1.000,0.955,0.955,0.954,0.2,exponential,,sqrt,10,55
186,187,"a, e",1.000,0.955,0.955,0.954,0.2,exponential,,sqrt,25,55
187,188,"a, e",1.000,0.955,0.955,0.954,0.2,exponential,,sqrt,39,55
188,189,"a, e",1.000,0.955,0.955,0.954,0.2,exponential,,sqrt,41,55
189,190,"a, e",1.000,0.955,0.955,0.954,0.2,exponential,,sqrt,45,55
190,191,"a, e",1.000,0.955,0.954,0.954,0.2,exponential,8.0,sqrt,4,95
191,192,"a, e",1.000,0.955,0.954,0.954,0.2,exponential,8.0,sqrt,5,55
192,193,"a, e",1.000,0.955,0.954,0.954,0.2,exponential,8.0,sqrt,8,55
193,194,"a, e",1.000,0.955,0.955,0.954,0.2,exponential,8.0,sqrt,14,55
194,195,"a, e",1.000,0.955,0.955,0.954,0.2,exponential,8.0,sqrt,15,55
195,196,"a, e",1.000,0.955,0.954,0.954,0.2,exponential,8.0,sqrt,16,55
196,197,"a, e",1.000,0.955,0.955,0.954,0.2,exponential,8.0,sqrt,17,55
197,198,"a, e",1.000,0.955,0.955,0.954,0.2,exponential,8.0,sqrt,23,55
198,199,"a, e",1.000,0.955,0.955,0.954,0.2,exponential,8.0,sqrt,29,55
199,200,"a, e",1.000,0.955,0.955,0.954,0.2,exponential,8.0,sqrt,29,95
200,201,"a, e",1.000,0.955,0.954,0.954,0.2,exponential,8.0,sqrt,30,55
201,202,"a, e",1.000,0.955,0.954,0.954,0.2,exponential,8.0,sqrt,31,55
202,203,"a, e",1.000,0.955,0.955,0.954,0.2,exponential,8.0,sqrt,32,55
203,204,"a, e",1.000,0.955,0.954,0.954,0.2,exponential,8.0,sqrt,36,55
204,205,"a, e",1.000,0.955,0.955,0.954,0.2,exponential,8.0,sqrt,43,55
205,206,"a, e",1.000,0.955,0.955,0.954,0.2,exponential,8.0,sqrt,44,55
206,207,"a, e",1.000,0.955,0.955,0.954,0.2,exponential,8.0,sqrt,45,55
207,208,"a, sinI",1.000,0.955,0.954,0.954,0.2,exponential,,sqrt,11,55
208,209,"a, e",1.000,0.955,0.955,0.954,0.2,exponential,,sqrt,36,55
209,210,"a, e",1.000,0.955,0.955,0.954,0.2,exponential,,sqrt,44,55
210,211,"a, sinI",1.000,0.954,0.954,0.954,0.2,exponential,8.0,sqrt,4,95
211,212,"a, sinI",1.000,0.954,0.954,0.954,0.2,exponential,8.0,sqrt,20,55
212,213,"a, sinI",1.000,0.954,0.954,0.954,0.2,exponential,8.0,sqrt,59,55
213,214,"a, e, n",1.000,0.957,0.955,0.954,0.2,exponential,,sqrt,17,95
214,215,"a, e",1.000,0.955,0.954,0.954,0.2,exponential,8.0,sqrt,42,55
215,216,"a, e",1.000,0.956,0.955,0.954,0.2,exponential,,sqrt,26,55
216,217,"a, e",1.000,0.956,0.955,0.954,0.2,exponential,,sqrt,30,55
217,218,"a, e",1.000,0.956,0.955,0.954,0.2,exponential,,sqrt,35,55
218,219,"a, e",1.000,0.956,0.955,0.954,0.2,exponential,,sqrt,51,55
219,220,"a, e",1.000,0.956,0.955,0.954,0.2,exponential,,sqrt,57,55
220,221,"a, sinI",1.000,0.954,0.954,0.954,0.2,exponential,,sqrt,17,55
221,222,"a, e, n",1.000,0.956,0.955,0.954,0.2,exponential,,sqrt,16,95
222,223,"a, e, n",1.000,0.950,0.963,0.954,0.2,exponential,,sqrt,32,55
223,224,"a, e, n",1.000,0.950,0.963,0.954,0.2,exponential,8.0,sqrt,6,95
224,225,"a, e, n, sinI",1.000,0.950,0.963,0.954,0.2,exponential,8.0,sqrt,12,95
225,226,"a, e, n, sinI",1.000,0.950,0.963,0.954,0.2,exponential,8.0,sqrt,26,55
226,227,"a, e, n, sinI",1.000,0.950,0.963,0.954,0.2,exponential,8.0,sqrt,30,55
227,228,"a, e, n, sinI",1.000,0.950,0.963,0.954,0.2,exponential,8.0,sqrt,31,55
228,229,"a, e, n, sinI",1.000,0.957,0.955,0.954,0.2,exponential,8.0,sqrt,23,55
229,230,"a, e, n, sinI",1.000,0.957,0.955,0.954,0.2,exponential,8.0,sqrt,45,55
230,231,"a, e, n",1.000,0.957,0.955,0.954,0.2,exponential,,sqrt,45,55
231,232,"a, e, n",1.000,0.957,0.955,0.954,0.2,exponential,,sqrt,55,55
232,233,"a, e, n",1.000,0.957,0.955,0.954,0.2,exponential,,sqrt,59,55
233,234,"a, e, n, sinI",1.000,0.957,0.955,0.954,0.2,exponential,8.0,sqrt,24,55
234,235,"a, e, n",1.000,0.958,0.955,0.954,0.2,exponential,,sqrt,43,55
235,236,"a, e",1.000,0.962,0.947,0.954,0.2,exponential,,sqrt,38,55
236,237,"a, sinI",1.000,0.954,0.954,0.954,0.2,exponential,8.0,sqrt,51,55
237,238,"a, sinI",1.000,0.954,0.954,0.954,0.2,exponential,,sqrt,43,95
238,239,"a, e, n",1.000,0.957,0.955,0.953,0.2,exponential,,sqrt,6,55
239,240,"a, e, n",1.000,0.957,0.955,0.953,0.2,exponential,,sqrt,9,55
240,241,"a, e, n",1.000,0.957,0.955,0.953,0.2,exponential,,sqrt,17,55
241,242,"a, e, n",1.000,0.957,0.955,0.953,0.2,exponential,,sqrt,26,55
242,243,"a, e, n",1.000,0.957,0.955,0.953,0.2,exponential,,sqrt,31,55
243,244,"a, e, n",1.000,0.957,0.955,0.953,0.2,exponential,8.0,sqrt,6,55
244,245,"a, e, n",1.000,0.957,0.955,0.953,0.2,exponential,8.0,sqrt,7,55
245,246,"a, e, n",1.000,0.957,0.955,0.953,0.2,exponential,8.0,sqrt,28,55
246,247,"a, e, n",1.000,0.957,0.955,0.953,0.2,exponential,8.0,sqrt,28,95
247,248,"a, e",1.000,0.962,0.947,0.953,0.2,exponential,,sqrt,33,55
248,249,"a, e",1.000,0.962,0.947,0.953,0.2,exponential,,sqrt,2,55
249,250,"a, e",1.000,0.962,0.947,0.953,0.2,exponential,,sqrt,2,95
250,251,"a, e, n",1.000,0.956,0.955,0.953,0.2,exponential,8.0,sqrt,4,95
251,252,"a, e, n",1.000,0.956,0.955,0.953,0.2,exponential,8.0,sqrt,11,95
252,253,"a, e, n",1.000,0.956,0.955,0.953,0.2,exponential,8.0,sqrt,12,55
253,254,"a, e, n",1.000,0.956,0.955,0.953,0.2,exponential,8.0,sqrt,12,95
254,255,"a, e, n",1.000,0.956,0.955,0.953,0.2,exponential,8.0,sqrt,20,55
255,256,"a, e, n",1.000,0.956,0.955,0.953,0.2,exponential,8.0,sqrt,27,55
256,257,"a, e, n",1.000,0.956,0.955,0.953,0.2,exponential,8.0,sqrt,27,95
257,258,"a, e, n",1.000,0.956,0.955,0.953,0.2,exponential,8.0,sqrt,30,55
258,259,"a, e, n",1.000,0.956,0.955,0.953,0.2,exponential,8.0,sqrt,31,55
259,260,"a, e, n",1.000,0.956,0.955,0.953,0.2,exponential,8.0,sqrt,32,55
260,261,"a, e, n",1.000,0.956,0.955,0.953,0.2,exponential,8.0,sqrt,35,55
261,262,"a, e, n",1.000,0.956,0.955,0.953,0.2,exponential,8.0,sqrt,37,55
262,263,"a, e, n",1.000,0.956,0.955,0.953,0.2,exponential,8.0,sqrt,40,55
263,264,"a, e, n",1.000,0.964,0.948,0.953,0.2,exponential,,sqrt,21,55
264,265,"a, e, n",1.000,0.964,0.948,0.953,0.2,exponential,,sqrt,30,55
265,266,"a, sinI",1.000,0.954,0.954,0.953,0.2,exponential,8.0,sqrt,11,55
266,267,"a, e, n",1.000,0.964,0.948,0.953,0.2,exponential,,sqrt,5,55
267,268,"a, e, n",1.000,0.963,0.948,0.953,0.2,exponential,,sqrt,12,55
268,269,"a, sinI",1.000,0.928,0.977,0.952,0.2,exponential,8.0,sqrt,24,95
269,270,"a, e",1.000,0.937,0.970,0.952,0.2,exponential,8.0,sqrt,45,95
270,271,"a, e",1.000,0.937,0.970,0.951,0.2,exponential,,sqrt,31,95
271,272,"a, sinI",1.000,0.935,0.969,0.951,0.2,exponential,8.0,sqrt,23,95
272,273,"a, sinI",1.000,0.935,0.969,0.951,0.2,exponential,8.0,sqrt,11,95
273,274,"a, sinI",1.000,0.935,0.969,0.951,0.2,exponential,8.0,sqrt,15,95
274,275,"a, sinI",1.000,0.935,0.969,0.951,0.2,exponential,8.0,sqrt,39,95
275,276,"a, e",1.000,0.943,0.962,0.951,0.2,exponential,8.0,sqrt,36,95
276,277,"a, e",1.000,0.943,0.962,0.951,0.2,exponential,8.0,sqrt,38,95
277,278,"a, e",1.000,0.943,0.962,0.951,0.2,exponential,,sqrt,22,95
278,279,"a, e",1.000,0.943,0.962,0.951,0.2,exponential,,sqrt,28,95
279,280,"a, e",1.000,0.943,0.962,0.951,0.2,exponential,,sqrt,35,95
280,281,"a, e",1.000,0.943,0.962,0.951,0.2,exponential,,sqrt,36,95
281,282,"a, e",1.000,0.943,0.962,0.951,0.2,exponential,,sqrt,37,95
282,283,"a, e",1.000,0.943,0.962,0.951,0.2,exponential,,sqrt,38,95
283,284,"a, e",1.000,0.943,0.962,0.951,0.2,exponential,,sqrt,39,95
284,285,"a, e",1.000,0.943,0.962,0.951,0.2,exponential,,sqrt,41,95
285,286,"a, e",1.000,0.943,0.962,0.951,0.2,exponential,,sqrt,42,95
286,287,"a, e",1.000,0.943,0.962,0.951,0.2,exponential,,sqrt,43,95
287,288,"a, e",1.000,0.943,0.962,0.951,0.2,exponential,,sqrt,44,95
288,289,"a, e",1.000,0.943,0.962,0.951,0.2,exponential,,sqrt,45,95
289,290,"a, e",1.000,0.943,0.962,0.951,0.2,exponential,,sqrt,49,95
290,291,"a, e",1.000,0.943,0.962,0.951,0.2,exponential,,sqrt,50,95
291,292,"a, e",1.000,0.943,0.962,0.951,0.2,exponential,,sqrt,55,95
292,293,"a, e",1.000,0.943,0.962,0.951,0.2,exponential,,sqrt,56,95
293,294,"a, e",1.000,0.943,0.962,0.951,0.2,exponential,,sqrt,57,95
294,295,"a, e",1.000,0.943,0.962,0.951,0.2,exponential,,sqrt,58,95
295,296,"a, e",1.000,0.943,0.962,0.951,0.2,exponential,,sqrt,59,95
296,297,"a, e",1.000,0.943,0.962,0.951,0.2,exponential,8.0,sqrt,24,95
297,298,"a, e",1.000,0.943,0.962,0.951,0.2,exponential,8.0,sqrt,57,95
298,299,"a, e",1.000,0.943,0.962,0.951,0.2,exponential,8.0,sqrt,58,95
299,300,"a, sinI",1.000,0.934,0.969,0.951,0.2,exponential,8.0,sqrt,28,95
300,301,"a, e",1.000,0.942,0.962,0.951,0.2,exponential,8.0,sqrt,52,95
301,302,"a, sinI",1.000,0.941,0.962,0.951,0.2,exponential,,sqrt,20,55
302,303,"a, e, n, sinI",1.000,0.942,0.962,0.951,0.2,exponential,,sqrt,17,95
303,304,"a, e",1.000,0.943,0.962,0.951,0.2,exponential,,sqrt,26,95
304,305,"a, e",1.000,0.943,0.962,0.951,0.2,exponential,,sqrt,29,95
305,306,"a, e",1.000,0.942,0.962,0.951,0.2,exponential,8.0,sqrt,19,95
306,307,"a, sinI",1.000,0.941,0.962,0.951,0.2,exponential,8.0,sqrt,9,55
307,308,"a, sinI",1.000,0.941,0.962,0.951,0.2,exponential,8.0,sqrt,39,55
308,309,"a, e, n",1.000,0.944,0.963,0.951,0.2,exponential,,sqrt,11,95
309,310,"a, e, n",1.000,0.944,0.963,0.951,0.2,exponential,,sqrt,18,95
310,311,"a, sinI",1.000,0.947,0.954,0.951,0.2,exponential,8.0,sqrt,12,55
311,312,"a, sinI",1.000,0.949,0.954,0.951,0.2,exponential,8.0,sqrt,5,55
312,313,"a, sinI",1.000,0.941,0.962,0.951,0.2,exponential,8.0,sqrt,42,95
313,314,"a, sinI",1.000,0.941,0.962,0.951,0.2,exponential,8.0,sqrt,48,95
314,315,"a, sinI",1.000,0.941,0.962,0.951,0.2,exponential,8.0,sqrt,50,95
315,316,"a, sinI",1.000,0.941,0.962,0.951,0.2,exponential,8.0,sqrt,56,95
316,317,"a, e, n, sinI",1.000,0.943,0.963,0.951,0.2,exponential,,sqrt,18,95
317,318,"a, e, n, sinI",1.000,0.943,0.963,0.951,0.2,exponential,,sqrt,22,95
318,319,"a, e, n, sinI",1.000,0.943,0.963,0.951,0.2,exponential,,sqrt,25,95
319,320,"a, e, n",1.000,0.943,0.963,0.951,0.2,exponential,8.0,sqrt,43,95
320,321,"a, e, n",1.000,0.943,0.963,0.951,0.2,exponential,8.0,sqrt,44,95
321,322,"a, e, n",1.000,0.943,0.963,0.951,0.2,exponential,8.0,sqrt,46,95
322,323,"a, e, n, sinI",1.000,0.943,0.963,0.951,0.2,exponential,8.0,sqrt,45,95
323,324,"a, e, n",1.000,0.951,0.955,0.951,0.2,exponential,,sqrt,49,95
324,325,"a, sinI",1.000,0.948,0.954,0.950,0.2,exponential,8.0,sqrt,58,95
325,326,"a, sinI",1.000,0.940,0.962,0.950,0.2,exponential,8.0,sqrt,35,95
326,327,"a, e",1.000,0.949,0.955,0.950,0.2,exponential,,sqrt,42,55
327,328,"a, sinI",1.000,0.947,0.954,0.950,0.2,exponential,,sqrt,10,95
328,329,"a, sinI",1.000,0.947,0.954,0.950,0.2,exponential,,sqrt,22,95
329,330,"a, sinI",1.000,0.947,0.954,0.950,0.2,exponential,,sqrt,35,95
330,331,"a, sinI",1.000,0.947,0.954,0.950,0.2,exponential,,sqrt,38,55
331,332,"a, sinI",1.000,0.947,0.954,0.950,0.2,exponential,,sqrt,42,55
332,333,"a, sinI",1.000,0.947,0.954,0.950,0.2,exponential,8.0,sqrt,20,95
333,334,"a, sinI",1.000,0.941,0.962,0.950,0.2,exponential,,sqrt,20,95
334,335,"a, e, n, sinI",1.000,0.944,0.963,0.950,0.2,exponential,8.0,sqrt,24,95
335,336,"a, e, n, sinI",1.000,0.944,0.963,0.950,0.2,exponential,8.0,sqrt,39,95
336,337,"a, sinI",1.000,0.947,0.954,0.950,0.2,exponential,,sqrt,22,55
337,338,"a, sinI",1.000,0.947,0.954,0.950,0.2,exponential,8.0,sqrt,55,95
338,339,"a, e",1.000,0.948,0.955,0.950,0.2,exponential,,sqrt,40,55
339,340,"a, e",1.000,0.948,0.954,0.950,0.2,exponential,8.0,sqrt,6,95
340,341,"a, e",1.000,0.948,0.954,0.950,0.2,exponential,8.0,sqrt,7,95
341,342,"a, e",1.000,0.948,0.954,0.950,0.2,exponential,8.0,sqrt,9,55
342,343,"a, e",1.000,0.948,0.954,0.950,0.2,exponential,8.0,sqrt,10,55
343,344,"a, e",1.000,0.948,0.954,0.950,0.2,exponential,8.0,sqrt,13,55
344,345,"a, e",1.000,0.948,0.955,0.950,0.2,exponential,8.0,sqrt,22,95
345,346,"a, e",1.000,0.948,0.955,0.950,0.2,exponential,8.0,sqrt,26,95
346,347,"a, e",1.000,0.948,0.955,0.950,0.2,exponential,8.0,sqrt,27,95
347,348,"a, e",1.000,0.948,0.955,0.950,0.2,exponential,8.0,sqrt,28,95
348,349,"a, e",1.000,0.948,0.954,0.950,0.2,exponential,8.0,sqrt,33,55
349,350,"a, e",1.000,0.948,0.955,0.950,0.2,exponential,8.0,sqrt,39,55
350,351,"a, e",1.000,0.948,0.955,0.950,0.2,exponential,8.0,sqrt,47,55
351,352,"a, sinI",1.000,0.947,0.954,0.950,0.2,exponential,,sqrt,21,55
352,353,"a, sinI",1.000,0.947,0.954,0.950,0.2,exponential,8.0,sqrt,3,95
353,354,"a, sinI",1.000,0.947,0.954,0.950,0.2,exponential,8.0,sqrt,36,55
354,355,"a, sinI",1.000,0.947,0.954,0.950,0.2,exponential,,sqrt,36,55
355,356,"a, sinI",1.000,0.947,0.954,0.950,0.2,exponential,,sqrt,30,95
356,357,"a, sinI",1.000,0.947,0.954,0.950,0.2,exponential,,sqrt,33,95
357,358,"a, sinI",1.000,0.947,0.954,0.950,0.2,exponential,,sqrt,37,55
358,359,"a, e, n, sinI",1.000,0.949,0.955,0.950,0.2,exponential,,sqrt,25,55
359,360,"a, e, n, sinI",1.000,0.949,0.955,0.950,0.2,exponential,,sqrt,52,55
360,361,"a, e",1.000,0.949,0.955,0.950,0.2,exponential,,sqrt,48,95
361,362,"a, e",1.000,0.949,0.955,0.950,0.2,exponential,,sqrt,54,95
362,363,"a, e, n",1.000,0.950,0.955,0.950,0.2,exponential,,sqrt,19,95
363,364,"a, e, n",1.000,0.950,0.955,0.950,0.2,exponential,,sqrt,20,95
364,365,"a, e, n",1.000,0.950,0.955,0.950,0.2,exponential,,sqrt,21,95
365,366,"a, e, n, sinI",1.000,0.950,0.955,0.950,0.2,exponential,8.0,sqrt,55,55
366,367,"a, e, n, sinI",1.000,0.951,0.955,0.950,0.2,exponential,8.0,sqrt,25,95
367,368,"a, e, n",1.000,0.952,0.955,0.950,0.2,exponential,,sqrt,32,95
368,369,"a, e, n, sinI",1.000,0.949,0.955,0.950,0.2,exponential,,sqrt,21,95
369,370,"a, e, n, sinI",1.000,0.949,0.955,0.950,0.2,exponential,,sqrt,23,95
370,371,"a, e",1.000,0.949,0.955,0.950,0.2,exponential,,sqrt,31,55
371,372,"a, e, n, sinI",1.000,0.943,0.963,0.950,0.2,exponential,8.0,sqrt,11,95
372,373,"a, e, n, sinI",1.000,0.943,0.963,0.950,0.2,exponential,8.0,sqrt,17,95
373,374,"a, e, n, sinI",1.000,0.943,0.963,0.950,0.2,exponential,8.0,sqrt,19,95
374,375,"a, e, n, sinI",1.000,0.943,0.963,0.950,0.2,exponential,8.0,sqrt,26,95
375,376,"a, e, n, sinI",1.000,0.943,0.963,0.950,0.2,exponential,8.0,sqrt,28,95
376,377,"a, e, n, sinI",1.000,0.943,0.963,0.950,0.2,exponential,8.0,sqrt,54,95
377,378,"a, sinI",1.000,0.954,0.947,0.950,0.2,exponential,8.0,sqrt,4,55
378,379,"a, e",1.000,0.948,0.954,0.950,0.2,exponential,8.0,sqrt,5,95
379,380,"a, sinI",1.000,0.947,0.954,0.950,0.2,exponential,,sqrt,25,95
380,381,"a, sinI",1.000,0.947,0.954,0.950,0.2,exponential,,sqrt,26,95
381,382,"a, sinI",1.000,0.947,0.954,0.950,0.2,exponential,,sqrt,28,95
382,383,"a, sinI",1.000,0.947,0.954,0.950,0.2,exponential,,sqrt,29,95
383,384,"a, sinI",1.000,0.947,0.954,0.950,0.2,exponential,,sqrt,42,95
384,385,"a, sinI",1.000,0.947,0.954,0.950,0.2,exponential,,sqrt,50,95
385,386,"a, sinI",1.000,0.947,0.954,0.950,0.2,exponential,,sqrt,53,55
386,387,"a, sinI",1.000,0.947,0.954,0.950,0.2,exponential,,sqrt,53,95
387,388,"a, sinI",1.000,0.947,0.954,0.950,0.2,exponential,,sqrt,58,95
388,389,"a, e, n, sinI",1.000,0.957,0.947,0.950,0.2,exponential,,sqrt,32,95
389,390,"a, e",1.000,0.955,0.947,0.950,0.2,exponential,,sqrt,6,55
390,391,"a, e",1.000,0.955,0.947,0.950,0.2,exponential,,sqrt,8,55
391,392,"a, e",1.000,0.955,0.947,0.950,0.2,exponential,8.0,sqrt,12,55
392,393,"a, e",1.000,0.955,0.947,0.950,0.2,exponential,8.0,sqrt,21,55
393,394,"a, e",1.000,0.955,0.947,0.950,0.2,exponential,8.0,sqrt,22,55
394,395,"a, e",1.000,0.955,0.947,0.950,0.2,exponential,8.0,sqrt,31,95
395,396,"a, sinI",1.000,0.954,0.946,0.950,0.2,exponential,,sqrt,28,55
396,397,"a, sinI",1.000,0.947,0.954,0.950,0.2,exponential,,sqrt,24,95
397,398,"a, e, n, sinI",1.000,0.949,0.955,0.950,0.2,exponential,,sqrt,28,55
398,399,"a, e, n, sinI",1.000,0.949,0.955,0.950,0.2,exponential,,sqrt,41,55
399,400,"a, e, n, sinI",1.000,0.949,0.955,0.950,0.2,exponential,,sqrt,42,55
400,401,"a, e, n, sinI",1.000,0.949,0.955,0.950,0.2,exponential,,sqrt,47,55
401,402,"a, e, n, sinI",1.000,0.949,0.955,0.950,0.2,exponential,,sqrt,51,55
402,403,"a, e, n, sinI",1.000,0.949,0.955,0.950,0.2,exponential,,sqrt,60,55
403,404,"a, e, n, sinI",1.000,0.949,0.955,0.950,0.2,exponential,8.0,sqrt,19,55
404,405,"a, e, n, sinI",1.000,0.949,0.955,0.950,0.2,exponential,8.0,sqrt,27,55
405,406,"a, e, n, sinI",1.000,0.949,0.955,0.950,0.2,exponential,8.0,sqrt,28,55
406,407,"a, e, n, sinI",1.000,0.949,0.955,0.950,0.2,exponential,8.0,sqrt,29,55
407,408,"a, e, n, sinI",1.000,0.949,0.955,0.950,0.2,exponential,8.0,sqrt,33,55
408,409,"a, e, n, sinI",1.000,0.949,0.955,0.950,0.2,exponential,8.0,sqrt,34,55
409,410,"a, e, n, sinI",1.000,0.949,0.955,0.950,0.2,exponential,8.0,sqrt,35,55
410,411,"a, e, n, sinI",1.000,0.949,0.955,0.950,0.2,exponential,8.0,sqrt,37,55
411,412,"a, e, n, sinI",1.000,0.949,0.955,0.950,0.2,exponential,8.0,sqrt,40,55
412,413,"a, e, n, sinI",1.000,0.949,0.955,0.950,0.2,exponential,8.0,sqrt,41,55
413,414,"a, e, n, sinI",1.000,0.949,0.955,0.950,0.2,exponential,8.0,sqrt,43,55
414,415,"a, e, n, sinI",1.000,0.949,0.955,0.950,0.2,exponential,8.0,sqrt,48,55
415,416,"a, e, n, sinI",1.000,0.949,0.955,0.950,0.2,exponential,8.0,sqrt,58,55
416,417,"a, e, n",1.000,0.950,0.955,0.950,0.2,exponential,,sqrt,5,95
417,418,"a, e, n",1.000,0.950,0.955,0.950,0.2,exponential,,sqrt,6,95
418,419,"a, e, n",1.000,0.950,0.955,0.950,0.2,exponential,,sqrt,9,95
419,420,"a, e, n",1.000,0.950,0.955,0.950,0.2,exponential,,sqrt,34,55
420,421,"a, e, n",1.000,0.950,0.955,0.950,0.2,exponential,,sqrt,34,95
421,422,"a, e, n",1.000,0.950,0.955,0.950,0.2,exponential,,sqrt,44,55
422,423,"a, e, n",1.000,0.950,0.955,0.950,0.2,exponential,,sqrt,54,55
423,424,"a, e, n",1.000,0.950,0.955,0.950,0.2,exponential,,sqrt,60,55
424,425,"a, e, n",1.000,0.950,0.955,0.950,0.2,exponential,8.0,sqrt,5,55
425,426,"a, e, n",1.000,0.950,0.955,0.950,0.2,exponential,8.0,sqrt,9,95
426,427,"a, e, n",1.000,0.950,0.955,0.950,0.2,exponential,8.0,sqrt,10,95
427,428,"a, e, n",1.000,0.950,0.955,0.950,0.2,exponential,8.0,sqrt,21,55
428,429,"a, e, n",1.000,0.950,0.955,0.950,0.2,exponential,8.0,sqrt,23,55
429,430,"a, e, n",1.000,0.950,0.955,0.950,0.2,exponential,8.0,sqrt,25,95
430,431,"a, e, n",1.000,0.950,0.955,0.950,0.2,exponential,8.0,sqrt,31,95
431,432,"a, e, n",1.000,0.950,0.955,0.950,0.2,exponential,8.0,sqrt,32,95
432,433,"a, e, n",1.000,0.950,0.955,0.950,0.2,exponential,8.0,sqrt,33,95
433,434,"a, e, n",1.000,0.950,0.955,0.950,0.2,exponential,8.0,sqrt,35,95
434,435,"a, e, n",1.000,0.950,0.955,0.950,0.2,exponential,8.0,sqrt,37,95
435,436,"a, e, n",1.000,0.950,0.955,0.950,0.2,exponential,8.0,sqrt,38,95
436,437,"a, e, n",1.000,0.950,0.955,0.950,0.2,exponential,8.0,sqrt,40,95
437,438,"a, e, n",1.000,0.950,0.955,0.950,0.2,exponential,8.0,sqrt,41,55
438,439,"a, e, n",1.000,0.950,0.955,0.950,0.2,exponential,8.0,sqrt,41,95
439,440,"a, e, n",1.000,0.950,0.955,0.950,0.2,exponential,8.0,sqrt,42,55
440,441,"a, e, n",1.000,0.950,0.955,0.950,0.2,exponential,8.0,sqrt,43,55
441,442,"a, e, n",1.000,0.950,0.955,0.950,0.2,exponential,8.0,sqrt,46,55
442,443,"a, e, n",1.000,0.950,0.955,0.950,0.2,exponential,8.0,sqrt,54,55
443,444,"a, e, n",1.000,0.950,0.955,0.950,0.2,exponential,8.0,sqrt,55,55
444,445,"a, e, n",1.000,0.950,0.955,0.950,0.2,exponential,8.0,sqrt,55,95
445,446,"a, e, n",1.000,0.950,0.955,0.950,0.2,exponential,8.0,sqrt,57,95
446,447,"a, e, n",1.000,0.950,0.955,0.950,0.2,exponential,8.0,sqrt,59,95
447,448,"a, e, n, sinI",1.000,0.950,0.955,0.950,0.2,exponential,,sqrt,9,95
448,449,"a, e, n, sinI",1.000,0.950,0.955,0.950,0.2,exponential,,sqrt,24,55
449,450,"a, e, n, sinI",1.000,0.950,0.955,0.950,0.2,exponential,8.0,sqrt,14,55
450,451,"a, e, n, sinI",1.000,0.950,0.955,0.950,0.2,exponential,8.0,sqrt,25,55
451,452,"a, e, n, sinI",1.000,0.950,0.955,0.950,0.2,exponential,8.0,sqrt,44,55
452,453,"a, e, n, sinI",1.000,0.950,0.955,0.950,0.2,exponential,8.0,sqrt,49,55
453,454,"a, e, n, sinI",1.000,0.950,0.955,0.950,0.2,exponential,8.0,sqrt,53,55
454,455,"a, e, n, sinI",1.000,0.950,0.955,0.950,0.2,exponential,8.0,sqrt,57,55
455,456,"a, e",1.000,0.954,0.947,0.950,0.2,exponential,,sqrt,5,55
456,457,"a, e",1.000,0.954,0.947,0.950,0.2,exponential,,sqrt,5,95
457,458,"a, e",1.000,0.954,0.947,0.950,0.2,exponential,,sqrt,9,95
458,459,"a, sinI",1.000,0.953,0.946,0.950,0.2,exponential,,sqrt,27,95
459,460,"a, e",1.000,0.955,0.947,0.950,0.2,exponential,,sqrt,7,55
460,461,"a, e",1.000,0.955,0.947,0.950,0.2,exponential,8.0,sqrt,2,95
461,462,"a, e",1.000,0.955,0.947,0.950,0.2,exponential,8.0,sqrt,3,95
462,463,"a, e, n, sinI",1.000,0.955,0.947,0.950,0.2,exponential,,sqrt,33,55
463,464,"a, e",1.000,0.955,0.947,0.950,0.2,exponential,,sqrt,32,55
464,465,"a, sinI",1.000,0.954,0.946,0.950,0.2,exponential,,sqrt,12,55
465,466,"a, e, n",1.000,0.949,0.955,0.950,0.2,exponential,,sqrt,11,55
466,467,"a, e, n, sinI",1.000,0.949,0.955,0.950,0.2,exponential,,sqrt,10,95
467,468,"a, e, n, sinI",1.000,0.949,0.955,0.950,0.2,exponential,,sqrt,28,95
468,469,"a, e, n, sinI",1.000,0.949,0.955,0.950,0.2,exponential,,sqrt,38,95
469,470,"a, e, n, sinI",1.000,0.949,0.955,0.950,0.2,exponential,,sqrt,44,95
470,471,"a, e, n, sinI",1.000,0.949,0.955,0.950,0.2,exponential,,sqrt,56,95
471,472,"a, e, n",1.000,0.949,0.955,0.950,0.2,exponential,8.0,sqrt,26,95
472,473,"a, sinI",1.000,0.948,0.954,0.950,0.2,exponential,8.0,sqrt,15,55
473,474,"a, e, n",1.000,0.957,0.948,0.950,0.2,exponential,,sqrt,25,55
474,475,"a, e, n",1.000,0.957,0.948,0.950,0.2,exponential,,sqrt,36,55
475,476,"a, e, n",1.000,0.957,0.948,0.950,0.2,exponential,,sqrt,37,55
476,477,"a, e, n",1.000,0.957,0.948,0.950,0.2,exponential,,sqrt,38,55
477,478,"a, e, n",1.000,0.957,0.948,0.950,0.2,exponential,,sqrt,39,55
478,479,"a, e, n",1.000,0.957,0.948,0.950,0.2,exponential,,sqrt,40,55
479,480,"a, e, n",1.000,0.957,0.948,0.950,0.2,exponential,,sqrt,41,55
480,481,"a, e, n",1.000,0.957,0.948,0.950,0.2,exponential,,sqrt,42,55
481,482,"a, e, n",1.000,0.957,0.948,0.950,0.2,exponential,,sqrt,14,55
482,483,"a, e, n",1.000,0.957,0.948,0.950,0.2,exponential,,sqrt,18,55
483,484,"a, e, n",1.000,0.957,0.948,0.950,0.2,exponential,,sqrt,20,55
484,485,"a, e, n",1.000,0.957,0.948,0.950,0.2,exponential,,sqrt,22,55
485,486,"a, e, n",1.000,0.957,0.948,0.950,0.2,exponential,,sqrt,29,55
486,487,"a, e, n",1.000,0.957,0.948,0.950,0.2,exponential,8.0,sqrt,8,55
487,488,"a, e, n",1.000,0.957,0.948,0.950,0.2,exponential,8.0,sqrt,15,55
488,489,"a, e, n",1.000,0.957,0.948,0.950,0.2,exponential,8.0,sqrt,36,95
489,490,"a, sinI",1.000,0.953,0.946,0.949,0.2,exponential,,sqrt,51,55
490,491,"a, e, n, sinI",1.000,0.956,0.948,0.949,0.2,exponential,,sqrt,3,95
491,492,"a, e, n, sinI",1.000,0.956,0.948,0.949,0.2,exponential,,sqrt,31,55
492,493,"a, e, n, sinI",1.000,0.956,0.948,0.949,0.2,exponential,,sqrt,43,55
493,494,"a, e, n, sinI",1.000,0.956,0.948,0.949,0.2,exponential,8.0,sqrt,2,95
494,495,"a, e, n, sinI",1.000,0.956,0.948,0.949,0.2,exponential,8.0,sqrt,3,95
495,496,"a, e, n",1.000,0.956,0.948,0.949,0.2,exponential,,sqrt,53,55
496,497,"a, e, n",1.000,0.956,0.948,0.949,0.2,exponential,8.0,sqrt,8,95
497,498,"a, e, n",1.000,0.956,0.948,0.949,0.2,exponential,8.0,sqrt,9,55
498,499,"a, e, n",1.000,0.956,0.948,0.949,0.2,exponential,8.0,sqrt,34,55
499,500,"a, e, n",1.000,0.956,0.948,0.949,0.2,exponential,8.0,sqrt,36,55
500,501,"a, e, n",1.000,0.956,0.948,0.949,0.2,exponential,8.0,sqrt,38,55
501,502,"a, e, n",1.000,0.956,0.948,0.949,0.2,exponential,8.0,sqrt,39,55
502,503,"a, e, n",1.000,0.956,0.948,0.949,0.2,exponential,8.0,sqrt,48,95
503,504,"a, e, n",1.000,0.956,0.948,0.949,0.2,exponential,8.0,sqrt,30,95
504,505,"a, e, n",1.000,0.956,0.948,0.949,0.2,exponential,,sqrt,4,55
505,506,"a, e, n",1.000,0.964,0.940,0.949,0.2,exponential,,sqrt,2,95
506,507,"a, e, n",1.000,0.964,0.940,0.949,0.2,exponential,8.0,sqrt,2,55
507,508,"a, e, n",1.000,0.964,0.940,0.949,0.2,exponential,,sqrt,27,55
508,509,"a, e",1.000,0.962,0.939,0.949,0.2,exponential,,sqrt,3,95
509,510,"a, e",1.000,0.962,0.939,0.949,0.2,exponential,8.0,sqrt,2,55
510,511,"a, sinI",1.000,0.961,0.939,0.949,0.2,exponential,,sqrt,7,55
511,512,"a, sinI",1.000,0.961,0.939,0.949,0.2,exponential,8.0,sqrt,14,55
512,513,"a, sinI",1.000,0.961,0.939,0.949,0.2,exponential,,sqrt,7,95
513,514,"a, e, n",1.000,0.963,0.940,0.949,0.2,exponential,,sqrt,16,55
514,515,"a, e, n, sinI",1.000,0.964,0.940,0.949,0.2,exponential,8.0,sqrt,6,55
515,516,"a, e",1.000,0.936,0.962,0.948,0.2,exponential,8.0,sqrt,53,95
516,517,"a, e",1.000,0.937,0.962,0.948,0.2,exponential,,sqrt,15,95
517,518,"a, e",1.000,0.937,0.962,0.948,0.2,exponential,,sqrt,19,95
518,519,"a, e",1.000,0.936,0.962,0.948,0.2,exponential,8.0,sqrt,34,95
519,520,"a, sinI",1.000,0.928,0.969,0.948,0.2,exponential,8.0,sqrt,22,95
520,521,"a, sinI",1.000,0.928,0.969,0.948,0.2,exponential,8.0,sqrt,40,95
521,522,"a, e",1.000,0.936,0.962,0.948,0.2,exponential,8.0,sqrt,13,95
522,523,"a, e",1.000,0.936,0.962,0.948,0.2,exponential,8.0,sqrt,48,95
523,524,"a, e",1.000,0.936,0.962,0.948,0.2,exponential,8.0,sqrt,51,95
524,525,"a, e",1.000,0.937,0.962,0.948,0.2,exponential,,sqrt,25,95
525,526,"a, e",1.000,0.937,0.962,0.948,0.2,exponential,,sqrt,30,95
526,527,"a, e",1.000,0.937,0.962,0.948,0.2,exponential,,sqrt,32,95
527,528,"a, e",1.000,0.937,0.962,0.948,0.2,exponential,8.0,sqrt,17,95
528,529,"a, e",1.000,0.937,0.962,0.948,0.2,exponential,8.0,sqrt,20,95
529,530,"a, e",1.000,0.937,0.962,0.948,0.2,exponential,8.0,sqrt,23,95
530,531,"a, e",1.000,0.937,0.962,0.948,0.2,exponential,8.0,sqrt,25,95
531,532,"a, e",1.000,0.937,0.962,0.948,0.2,exponential,8.0,sqrt,56,95
532,533,"a, sinI",1.000,0.935,0.962,0.948,0.2,exponential,8.0,sqrt,31,95
533,534,"a, sinI",1.000,0.934,0.962,0.947,0.2,exponential,8.0,sqrt,33,95
534,535,"a, sinI",1.000,0.934,0.962,0.947,0.2,exponential,8.0,sqrt,18,95
535,536,"a, e",1.000,0.943,0.955,0.947,0.2,exponential,8.0,sqrt,55,95
536,537,"a, e",1.000,0.943,0.955,0.947,0.2,exponential,8.0,sqrt,59,95
537,538,"a, sinI",1.000,0.941,0.954,0.947,0.2,exponential,8.0,sqrt,38,95
538,539,"a, sinI",1.000,0.941,0.954,0.947,0.2,exponential,8.0,sqrt,57,95
539,540,"a, n, sinI",1.000,0.940,0.954,0.947,0.2,exponential,,sqrt,37,95
540,541,"a, n, sinI",1.000,0.940,0.954,0.947,0.2,exponential,,sqrt,58,95
541,542,"a, sinI",1.000,0.940,0.954,0.947,0.2,exponential,8.0,sqrt,6,55
542,543,"a, sinI",1.000,0.934,0.962,0.947,0.2,exponential,8.0,sqrt,30,95
543,544,"a, sinI",1.000,0.934,0.962,0.947,0.2,exponential,8.0,sqrt,45,95
544,545,"a, e",1.000,0.943,0.955,0.947,0.2,exponential,,sqrt,23,95
545,546,"a, e",1.000,0.943,0.955,0.947,0.2,exponential,,sqrt,27,95
546,547,"a, e",1.000,0.943,0.955,0.947,0.2,exponential,,sqrt,33,95
547,548,"a, e",1.000,0.943,0.955,0.947,0.2,exponential,,sqrt,34,95
548,549,"a, e",1.000,0.943,0.955,0.947,0.2,exponential,,sqrt,46,95
549,550,"a, e",1.000,0.943,0.955,0.947,0.2,exponential,,sqrt,47,95
550,551,"a, e",1.000,0.943,0.955,0.947,0.2,exponential,,sqrt,51,95
551,552,"a, e",1.000,0.943,0.955,0.947,0.2,exponential,,sqrt,52,95
552,553,"a, e",1.000,0.943,0.955,0.947,0.2,exponential,,sqrt,53,95
553,554,"a, e, n",1.000,0.944,0.955,0.947,0.2,exponential,,sqrt,10,95
554,555,"a, e, n",1.000,0.944,0.955,0.947,0.2,exponential,,sqrt,14,95
555,556,"a, e, n",1.000,0.944,0.955,0.947,0.2,exponential,,sqrt,27,95
556,557,"a, sinI",1.000,0.940,0.954,0.947,0.2,exponential,8.0,sqrt,37,95
557,558,"a, sinI",1.000,0.940,0.954,0.947,0.2,exponential,,sqrt,35,55
558,559,"a, sinI",1.000,0.940,0.954,0.947,0.2,exponential,,sqrt,40,55
559,560,"a, sinI",1.000,0.941,0.954,0.947,0.2,exponential,,sqrt,39,55
560,561,"a, e, n, sinI",1.000,0.937,0.963,0.947,0.2,exponential,8.0,sqrt,34,95
561,562,"a, e, n, sinI",1.000,0.937,0.963,0.947,0.2,exponential,8.0,sqrt,41,95
562,563,"a, e, n, sinI",1.000,0.937,0.963,0.947,0.2,exponential,8.0,sqrt,42,95
563,564,"a, e, n, sinI",1.000,0.937,0.963,0.947,0.2,exponential,8.0,sqrt,44,95
564,565,"a, e, n, sinI",1.000,0.942,0.955,0.947,0.2,exponential,,sqrt,29,95
565,566,"a, e, n, sinI",1.000,0.942,0.955,0.947,0.2,exponential,,sqrt,54,95
566,567,"a, e, n",1.000,0.943,0.955,0.947,0.2,exponential,,sqrt,8,95
567,568,"a, e, n, sinI",1.000,0.943,0.955,0.947,0.2,exponential,8.0,sqrt,18,95
568,569,"a, n, sinI",1.000,0.947,0.947,0.947,0.2,exponential,,sqrt,35,55
569,570,"a, n, sinI",1.000,0.947,0.947,0.947,0.2,exponential,,sqrt,39,55
570,571,"a, n, sinI",1.000,0.947,0.947,0.947,0.2,exponential,,sqrt,40,55
571,572,"a, n, sinI",1.000,0.947,0.947,0.947,0.2,exponential,,sqrt,47,95
572,573,"a, n, sinI",1.000,0.947,0.947,0.947,0.2,exponential,,sqrt,48,95
573,574,"a, n, sinI",1.000,0.947,0.947,0.947,0.2,exponential,,sqrt,53,95
574,575,"a, n, sinI",1.000,0.947,0.947,0.947,0.2,exponential,8.0,sqrt,34,95
575,576,"a, n, sinI",1.000,0.947,0.947,0.947,0.2,exponential,8.0,sqrt,45,95
576,577,"a, sinI",1.000,0.947,0.947,0.947,0.2,exponential,,sqrt,18,95
577,578,"a, e, n",1.000,0.945,0.955,0.947,0.2,exponential,8.0,sqrt,50,95
578,579,"a, e, n, sinI",1.000,0.945,0.955,0.947,0.2,exponential,8.0,sqrt,15,95
579,580,"a, n, sinI",1.000,0.947,0.947,0.947,0.2,exponential,,sqrt,59,95
580,581,"a, e, n, sinI",1.000,0.936,0.963,0.946,0.2,exponential,8.0,sqrt,27,95
581,582,"a, e, n",1.000,0.944,0.955,0.946,0.2,exponential,,sqrt,28,95
582,583,"a, e, n",1.000,0.944,0.955,0.946,0.2,exponential,8.0,sqrt,13,95
583,584,"a, e, n",1.000,0.944,0.955,0.946,0.2,exponential,8.0,sqrt,15,95
584,585,"a, e, n",1.000,0.944,0.955,0.946,0.2,exponential,8.0,sqrt,16,95
585,586,"a, e, n",1.000,0.944,0.955,0.946,0.2,exponential,8.0,sqrt,18,55
586,587,"a, e, n",1.000,0.944,0.955,0.946,0.2,exponential,8.0,sqrt,18,95
587,588,"a, e, n",1.000,0.944,0.955,0.946,0.2,exponential,8.0,sqrt,19,95
588,589,"a, e, n",1.000,0.944,0.955,0.946,0.2,exponential,8.0,sqrt,51,55
589,590,"a, e, n",1.000,0.944,0.955,0.946,0.2,exponential,8.0,sqrt,51,95
590,591,"a, e, n",1.000,0.944,0.955,0.946,0.2,exponential,8.0,sqrt,53,95
591,592,"a, e, n",1.000,0.944,0.955,0.946,0.2,exponential,8.0,sqrt,58,95
592,593,"a, e",1.000,0.948,0.947,0.946,0.2,exponential,8.0,sqrt,34,55
593,594,"a, e",1.000,0.949,0.947,0.946,0.2,exponential,,sqrt,43,55
594,595,"a, sinI",1.000,0.947,0.946,0.946,0.2,exponential,,sqrt,25,55
595,596,"a, sinI",1.000,0.947,0.946,0.946,0.2,exponential,,sqrt,29,55
596,597,"a, sinI",1.000,0.947,0.946,0.946,0.2,exponential,,sqrt,33,55
597,598,"a, sinI",1.000,0.947,0.946,0.946,0.2,exponential,,sqrt,40,95
598,599,"a, sinI",1.000,0.940,0.954,0.946,0.2,exponential,8.0,sqrt,46,95
599,600,"a, e, n",1.000,0.951,0.948,0.946,0.2,exponential,,sqrt,30,95
600,601,"a, e, n",1.000,0.951,0.948,0.946,0.2,exponential,,sqrt,35,95
601,602,"a, e, n",1.000,0.951,0.948,0.946,0.2,exponential,,sqrt,36,95
602,603,"a, e, n",1.000,0.951,0.948,0.946,0.2,exponential,,sqrt,37,95
603,604,"a, e, n",1.000,0.951,0.948,0.946,0.2,exponential,,sqrt,38,95
604,605,"a, e, n",1.000,0.951,0.948,0.946,0.2,exponential,,sqrt,40,95
605,606,"a, e, n",1.000,0.951,0.948,0.946,0.2,exponential,,sqrt,42,95
606,607,"a, e, n",1.000,0.951,0.948,0.946,0.2,exponential,,sqrt,45,95
607,608,"a, e, n",1.000,0.951,0.948,0.946,0.2,exponential,,sqrt,46,55
608,609,"a, e, n",1.000,0.951,0.948,0.946,0.2,exponential,,sqrt,50,95
609,610,"a, e",1.000,0.948,0.947,0.946,0.2,exponential,,sqrt,11,55
610,611,"a, e",1.000,0.948,0.947,0.946,0.2,exponential,8.0,sqrt,19,55
611,612,"a, e",1.000,0.948,0.947,0.946,0.2,exponential,8.0,sqrt,20,55
612,613,"a, sinI",1.000,0.947,0.946,0.946,0.2,exponential,,sqrt,21,95
613,614,"a, sinI",1.000,0.947,0.946,0.946,0.2,exponential,,sqrt,23,95
614,615,"a, sinI",1.000,0.947,0.946,0.946,0.2,exponential,,sqrt,31,95
615,616,"a, sinI",1.000,0.947,0.946,0.946,0.2,exponential,,sqrt,32,55
616,617,"a, sinI",1.000,0.947,0.946,0.946,0.2,exponential,,sqrt,34,95
617,618,"a, sinI",1.000,0.947,0.946,0.946,0.2,exponential,,sqrt,37,95
618,619,"a, sinI",1.000,0.947,0.946,0.946,0.2,exponential,,sqrt,45,95
619,620,"a, sinI",1.000,0.947,0.946,0.946,0.2,exponential,,sqrt,46,95
620,621,"a, sinI",1.000,0.947,0.946,0.946,0.2,exponential,,sqrt,47,55
621,622,"a, sinI",1.000,0.947,0.946,0.946,0.2,exponential,,sqrt,48,95
622,623,"a, sinI",1.000,0.947,0.946,0.946,0.2,exponential,,sqrt,49,95
623,624,"a, sinI",1.000,0.947,0.946,0.946,0.2,exponential,,sqrt,52,95
624,625,"a, sinI",1.000,0.947,0.946,0.946,0.2,exponential,,sqrt,54,55
625,626,"a, sinI",1.000,0.947,0.946,0.946,0.2,exponential,,sqrt,54,95
626,627,"a, sinI",1.000,0.947,0.946,0.946,0.2,exponential,,sqrt,55,55
627,628,"a, sinI",1.000,0.947,0.946,0.946,0.2,exponential,,sqrt,55,95
628,629,"a, sinI",1.000,0.947,0.946,0.946,0.2,exponential,,sqrt,56,55
629,630,"a, sinI",1.000,0.947,0.946,0.946,0.2,exponential,,sqrt,57,55
630,631,"a, sinI",1.000,0.947,0.946,0.946,0.2,exponential,,sqrt,57,95
631,632,"a, sinI",1.000,0.947,0.946,0.946,0.2,exponential,,sqrt,59,95
632,633,"a, sinI",1.000,0.947,0.946,0.946,0.2,exponential,,sqrt,60,95
633,634,"a, e, n, sinI",1.000,0.949,0.947,0.946,0.2,exponential,,sqrt,54,55
634,635,"a, e",1.000,0.949,0.947,0.946,0.2,exponential,,sqrt,17,55
635,636,"a, e",1.000,0.949,0.947,0.946,0.2,exponential,,sqrt,19,55
636,637,"a, e",1.000,0.949,0.947,0.946,0.2,exponential,,sqrt,21,55
637,638,"a, e, n, sinI",1.000,0.943,0.955,0.946,0.2,exponential,,sqrt,14,95
638,639,"a, e, n, sinI",1.000,0.943,0.955,0.946,0.2,exponential,,sqrt,26,95
639,640,"a, e, n, sinI",1.000,0.943,0.955,0.946,0.2,exponential,,sqrt,42,95
640,641,"a, e, n, sinI",1.000,0.943,0.955,0.946,0.2,exponential,,sqrt,45,95
641,642,"a, e, n, sinI",1.000,0.943,0.955,0.946,0.2,exponential,,sqrt,60,95
642,643,"a, e, n, sinI",1.000,0.943,0.955,0.946,0.2,exponential,8.0,sqrt,8,95
643,644,"a, e, n, sinI",1.000,0.943,0.955,0.946,0.2,exponential,8.0,sqrt,23,95
644,645,"a, e, n, sinI",1.000,0.943,0.955,0.946,0.2,exponential,8.0,sqrt,31,95
645,646,"a, e, n, sinI",1.000,0.943,0.955,0.946,0.2,exponential,8.0,sqrt,38,95
646,647,"a, e, n, sinI",1.000,0.943,0.955,0.946,0.2,exponential,8.0,sqrt,49,95
647,648,"a, e, n",1.000,0.943,0.955,0.946,0.2,exponential,8.0,sqrt,21,95
648,649,"a, e, n",1.000,0.943,0.955,0.946,0.2,exponential,8.0,sqrt,42,95
649,650,"a, e, n",1.000,0.943,0.955,0.946,0.2,exponential,8.0,sqrt,45,95
650,651,"a, e, n, sinI",1.000,0.943,0.955,0.946,0.2,exponential,8.0,sqrt,13,95
651,652,"a, e, n, sinI",1.000,0.943,0.955,0.946,0.2,exponential,8.0,sqrt,14,95
652,653,"a, e, n, sinI",1.000,0.943,0.955,0.946,0.2,exponential,8.0,sqrt,20,95
653,654,"a, e, n, sinI",1.000,0.943,0.955,0.946,0.2,exponential,8.0,sqrt,21,95
654,655,"a, e, n, sinI",1.000,0.943,0.955,0.946,0.2,exponential,8.0,sqrt,37,95
655,656,"a, e, n, sinI",1.000,0.943,0.955,0.946,0.2,exponential,8.0,sqrt,50,95
656,657,"a, e, n, sinI",1.000,0.943,0.955,0.946,0.2,exponential,8.0,sqrt,55,95
657,658,"a, e, n, sinI",1.000,0.943,0.955,0.946,0.2,exponential,8.0,sqrt,57,95
658,659,"a, e, n",1.000,0.951,0.948,0.946,0.2,exponential,8.0,sqrt,25,55
659,660,"a, e",1.000,0.947,0.947,0.946,0.2,exponential,8.0,sqrt,7,55
660,661,"a, e",1.000,0.948,0.947,0.946,0.2,exponential,8.0,sqrt,6,55
661,662,"a, e",1.000,0.948,0.947,0.946,0.2,exponential,8.0,sqrt,14,95
662,663,"a, e, n, sinI",1.000,0.949,0.947,0.946,0.2,exponential,,sqrt,33,95
663,664,"a, e, n, sinI",1.000,0.949,0.947,0.946,0.2,exponential,,sqrt,43,95
664,665,"a, sinI",1.000,0.947,0.946,0.946,0.2,exponential,,sqrt,9,55
665,666,"a, e, n, sinI",1.000,0.950,0.948,0.946,0.2,exponential,,sqrt,30,95
666,667,"a, n, sinI",1.000,0.953,0.940,0.946,0.2,exponential,8.0,sqrt,14,55
667,668,"a, n, sinI",1.000,0.955,0.939,0.946,0.2,exponential,8.0,sqrt,3,55
668,669,"a, e, n, sinI",1.000,0.949,0.948,0.946,0.2,exponential,,sqrt,15,95
669,670,"a, e, n, sinI",1.000,0.949,0.948,0.946,0.2,exponential,,sqrt,17,55
670,671,"a, e, n, sinI",1.000,0.949,0.948,0.946,0.2,exponential,,sqrt,20,55
671,672,"a, e, n, sinI",1.000,0.949,0.948,0.946,0.2,exponential,,sqrt,21,55
672,673,"a, e, n, sinI",1.000,0.949,0.948,0.946,0.2,exponential,,sqrt,22,55
673,674,"a, e, n, sinI",1.000,0.949,0.948,0.946,0.2,exponential,,sqrt,27,55
674,675,"a, e, n, sinI",1.000,0.949,0.948,0.946,0.2,exponential,,sqrt,30,55
675,676,"a, e, n, sinI",1.000,0.949,0.948,0.946,0.2,exponential,,sqrt,32,55
676,677,"a, e, n, sinI",1.000,0.949,0.948,0.946,0.2,exponential,,sqrt,44,55
677,678,"a, e, n, sinI",1.000,0.949,0.948,0.946,0.2,exponential,,sqrt,45,55
678,679,"a, e, n, sinI",1.000,0.949,0.948,0.946,0.2,exponential,,sqrt,46,55
679,680,"a, e, n, sinI",1.000,0.949,0.948,0.946,0.2,exponential,,sqrt,48,55
680,681,"a, e, n, sinI",1.000,0.949,0.948,0.946,0.2,exponential,,sqrt,50,55
681,682,"a, e, n, sinI",1.000,0.949,0.948,0.946,0.2,exponential,,sqrt,56,55
682,683,"a, e, n, sinI",1.000,0.949,0.948,0.946,0.2,exponential,,sqrt,59,55
683,684,"a, e, n, sinI",1.000,0.949,0.948,0.946,0.2,exponential,8.0,sqrt,17,55
684,685,"a, e, n, sinI",1.000,0.949,0.948,0.946,0.2,exponential,8.0,sqrt,18,55
685,686,"a, e, n, sinI",1.000,0.949,0.948,0.946,0.2,exponential,8.0,sqrt,20,55
686,687,"a, e, n, sinI",1.000,0.949,0.948,0.946,0.2,exponential,8.0,sqrt,21,55
687,688,"a, e, n, sinI",1.000,0.949,0.948,0.946,0.2,exponential,8.0,sqrt,22,55
688,689,"a, e, n, sinI",1.000,0.949,0.948,0.946,0.2,exponential,8.0,sqrt,32,55
689,690,"a, e, n, sinI",1.000,0.949,0.948,0.946,0.2,exponential,8.0,sqrt,36,55
690,691,"a, e, n, sinI",1.000,0.949,0.948,0.946,0.2,exponential,8.0,sqrt,38,55
691,692,"a, e, n, sinI",1.000,0.949,0.948,0.946,0.2,exponential,8.0,sqrt,39,55
692,693,"a, e, n, sinI",1.000,0.949,0.948,0.946,0.2,exponential,8.0,sqrt,42,55
693,694,"a, e, n, sinI",1.000,0.949,0.948,0.946,0.2,exponential,8.0,sqrt,46,55
694,695,"a, e, n, sinI",1.000,0.949,0.948,0.946,0.2,exponential,8.0,sqrt,50,55
695,696,"a, e, n, sinI",1.000,0.949,0.948,0.946,0.2,exponential,8.0,sqrt,51,55
696,697,"a, e, n, sinI",1.000,0.949,0.948,0.946,0.2,exponential,8.0,sqrt,56,55
697,698,"a, e, n",1.000,0.950,0.948,0.946,0.2,exponential,,sqrt,10,55
698,699,"a, e, n",1.000,0.950,0.948,0.946,0.2,exponential,,sqrt,12,95
699,700,"a, e, n",1.000,0.950,0.948,0.946,0.2,exponential,,sqrt,13,55
700,701,"a, e, n",1.000,0.950,0.948,0.946,0.2,exponential,,sqrt,15,95
701,702,"a, e, n",1.000,0.950,0.948,0.946,0.2,exponential,,sqrt,22,95
702,703,"a, e, n",1.000,0.950,0.948,0.946,0.2,exponential,,sqrt,23,55
703,704,"a, e, n",1.000,0.950,0.948,0.946,0.2,exponential,,sqrt,29,95
704,705,"a, e, n",1.000,0.950,0.948,0.946,0.2,exponential,,sqrt,33,55
705,706,"a, e, n",1.000,0.950,0.948,0.946,0.2,exponential,,sqrt,35,55
706,707,"a, e, n",1.000,0.950,0.948,0.946,0.2,exponential,,sqrt,47,55
707,708,"a, e, n",1.000,0.950,0.948,0.946,0.2,exponential,,sqrt,48,55
708,709,"a, e, n",1.000,0.950,0.948,0.946,0.2,exponential,,sqrt,49,55
709,710,"a, e, n",1.000,0.950,0.948,0.946,0.2,exponential,,sqrt,50,55
710,711,"a, e, n",1.000,0.950,0.948,0.946,0.2,exponential,,sqrt,51,55
711,712,"a, e, n",1.000,0.950,0.948,0.946,0.2,exponential,,sqrt,52,55
712,713,"a, e, n",1.000,0.950,0.948,0.946,0.2,exponential,,sqrt,56,55
713,714,"a, e, n",1.000,0.950,0.948,0.946,0.2,exponential,,sqrt,57,55
714,715,"a, e, n",1.000,0.950,0.948,0.946,0.2,exponential,,sqrt,58,55
715,716,"a, e, n",1.000,0.950,0.948,0.946,0.2,exponential,8.0,sqrt,10,55
716,717,"a, e, n",1.000,0.950,0.948,0.946,0.2,exponential,8.0,sqrt,16,55
717,718,"a, e, n",1.000,0.950,0.948,0.946,0.2,exponential,8.0,sqrt,22,55
718,719,"a, e, n",1.000,0.950,0.948,0.946,0.2,exponential,8.0,sqrt,34,95
719,720,"a, e, n",1.000,0.950,0.948,0.946,0.2,exponential,8.0,sqrt,44,55
720,721,"a, e, n",1.000,0.950,0.948,0.946,0.2,exponential,8.0,sqrt,45,55
721,722,"a, e, n",1.000,0.950,0.948,0.946,0.2,exponential,8.0,sqrt,47,55
722,723,"a, e, n",1.000,0.950,0.948,0.946,0.2,exponential,8.0,sqrt,48,55
723,724,"a, e, n",1.000,0.950,0.948,0.946,0.2,exponential,8.0,sqrt,49,55
724,725,"a, e, n",1.000,0.950,0.948,0.946,0.2,exponential,8.0,sqrt,49,95
725,726,"a, e, n",1.000,0.950,0.948,0.946,0.2,exponential,8.0,sqrt,54,95
726,727,"a, e, n",1.000,0.950,0.948,0.946,0.2,exponential,8.0,sqrt,56,55
727,728,"a, e, n",1.000,0.950,0.948,0.946,0.2,exponential,8.0,sqrt,57,55
728,729,"a, e, n",1.000,0.950,0.948,0.946,0.2,exponential,8.0,sqrt,58,55
729,730,"a, e, n",1.000,0.950,0.948,0.946,0.2,exponential,8.0,sqrt,59,55
730,731,"a, e, n",1.000,0.950,0.948,0.946,0.2,exponential,8.0,sqrt,60,55
731,732,"a, e, n, sinI",1.000,0.950,0.948,0.946,0.2,exponential,,sqrt,9,55
732,733,"a, e, n, sinI",1.000,0.950,0.948,0.946,0.2,exponential,8.0,sqrt,10,55
733,734,"a, e, n, sinI",1.000,0.950,0.948,0.946,0.2,exponential,8.0,sqrt,12,55
734,735,"a, e, n, sinI",1.000,0.950,0.948,0.946,0.2,exponential,8.0,sqrt,16,55
735,736,"a, e, n, sinI",1.000,0.950,0.948,0.946,0.2,exponential,8.0,sqrt,47,55
736,737,"a, e, n, sinI",1.000,0.950,0.948,0.946,0.2,exponential,8.0,sqrt,52,55
737,738,"a, e, n, sinI",1.000,0.950,0.948,0.946,0.2,exponential,8.0,sqrt,54,55
738,739,"a, n, sinI",1.000,0.954,0.939,0.946,0.2,exponential,,sqrt,3,55
739,740,"a, e, n, sinI",1.000,0.955,0.940,0.946,0.2,exponential,,sqrt,35,95
740,741,"a, n, sinI",1.000,0.955,0.939,0.946,0.2,exponential,,sqrt,3,95
741,742,"a, e, n, sinI",1.000,0.949,0.948,0.946,0.2,exponential,,sqrt,27,95
742,743,"a, e, n, sinI",1.000,0.949,0.948,0.946,0.2,exponential,,sqrt,39,95
743,744,"a, e, n, sinI",1.000,0.949,0.948,0.946,0.2,exponential,,sqrt,49,95
744,745,"a, sinI",1.000,0.947,0.946,0.946,0.2,exponential,,sqrt,3,95
745,746,"a, e, n",1.000,0.950,0.948,0.946,0.2,exponential,,sqrt,8,55
746,747,"a, e, n",1.000,0.950,0.948,0.946,0.2,exponential,,sqrt,24,55
747,748,"a, e, n",1.000,0.950,0.948,0.946,0.2,exponential,8.0,sqrt,22,95
748,749,"a, e, n",1.000,0.950,0.948,0.946,0.2,exponential,8.0,sqrt,24,55
749,750,"a, e, n, sinI",1.000,0.950,0.948,0.946,0.2,exponential,8.0,sqrt,9,95
750,751,"a, sinI",1.000,0.953,0.939,0.946,0.2,exponential,,sqrt,27,55
751,752,"a, sinI",1.000,0.953,0.939,0.946,0.2,exponential,,sqrt,48,55
752,753,"a, sinI",1.000,0.953,0.939,0.946,0.2,exponential,,sqrt,49,55
753,754,"a, e",1.000,0.955,0.939,0.946,0.2,exponential,,sqrt,7,95
754,755,"a, e",1.000,0.955,0.940,0.946,0.2,exponential,,sqrt,13,55
755,756,"a, e",1.000,0.955,0.940,0.946,0.2,exponential,,sqrt,14,55
756,757,"a, sinI",1.000,0.953,0.939,0.946,0.2,exponential,,sqrt,8,95
757,758,"a, e, n, sinI",1.000,0.955,0.940,0.946,0.2,exponential,,sqrt,5,55
758,759,"a, sinI",1.000,0.946,0.946,0.946,0.2,exponential,,sqrt,51,95
759,760,"a, e, n, sinI",1.000,0.957,0.940,0.946,0.2,exponential,8.0,sqrt,11,55
760,761,"a, e, n, sinI",1.000,0.957,0.940,0.946,0.2,exponential,8.0,sqrt,15,55
761,762,"a, e",1.000,0.954,0.939,0.946,0.2,exponential,,sqrt,4,55
762,763,"a, e",1.000,0.954,0.939,0.946,0.2,exponential,,sqrt,4,95
763,764,"a, e",1.000,0.954,0.939,0.946,0.2,exponential,8.0,sqrt,3,55
764,765,"a, e",1.000,0.954,0.939,0.946,0.2,exponential,8.0,sqrt,4,55
765,766,"a, e",1.000,0.955,0.940,0.946,0.2,exponential,8.0,sqrt,28,55
766,767,"a, e, n",1.000,0.956,0.940,0.945,0.2,exponential,,sqrt,3,55
767,768,"a, e, n",1.000,0.956,0.940,0.945,0.2,exponential,,sqrt,19,55
768,769,"a, e, n",1.000,0.956,0.940,0.945,0.2,exponential,8.0,sqrt,3,55
769,770,"a, e, n",1.000,0.956,0.940,0.945,0.2,exponential,8.0,sqrt,3,95
770,771,"a, e, n",1.000,0.956,0.940,0.945,0.2,exponential,8.0,sqrt,4,55
771,772,"a, sinI",1.000,0.953,0.939,0.945,0.2,exponential,,sqrt,45,55
772,773,"a, sinI",1.000,0.953,0.939,0.945,0.2,exponential,,sqrt,46,55
773,774,"a, e, n, sinI",1.000,0.955,0.940,0.945,0.2,exponential,,sqrt,4,55
774,775,"a, e, n, sinI",1.000,0.955,0.940,0.945,0.2,exponential,,sqrt,23,55
775,776,"a, e, n, sinI",1.000,0.955,0.940,0.945,0.2,exponential,,sqrt,34,55
776,777,"a, e, n, sinI",1.000,0.955,0.940,0.945,0.2,exponential,,sqrt,35,55
777,778,"a, e, n, sinI",1.000,0.955,0.940,0.945,0.2,exponential,,sqrt,39,55
778,779,"a, e, n, sinI",1.000,0.955,0.940,0.945,0.2,exponential,8.0,sqrt,3,55
779,780,"a, e, n, sinI",1.000,0.955,0.940,0.945,0.2,exponential,8.0,sqrt,6,95
780,781,"a, sinI",1.000,0.954,0.939,0.945,0.2,exponential,,sqrt,5,55
781,782,"a, sinI",1.000,0.954,0.939,0.945,0.2,exponential,,sqrt,5,95
782,783,"a, sinI",1.000,0.954,0.939,0.945,0.2,exponential,,sqrt,16,55
783,784,"a, e, n, sinI",1.000,0.956,0.940,0.945,0.2,exponential,8.0,sqrt,7,55
784,785,"a, e",1.000,0.961,0.931,0.945,0.2,exponential,,sqrt,3,55
785,786,"a, sinI",1.000,0.961,0.931,0.945,0.2,exponential,,sqrt,8,55
786,787,"a, e",1.000,0.930,0.962,0.944,0.2,exponential,,sqrt,18,95
787,788,"a, sinI",1.000,0.928,0.962,0.944,0.2,exponential,8.0,sqrt,36,95
788,789,"a, e",1.000,0.936,0.955,0.944,0.2,exponential,,sqrt,16,95
789,790,"a, e",1.000,0.936,0.955,0.944,0.2,exponential,,sqrt,17,95
790,791,"a, e",1.000,0.936,0.955,0.944,0.2,exponential,,sqrt,21,95
791,792,"a, sinI",1.000,0.928,0.962,0.944,0.2,exponential,8.0,sqrt,34,95
792,793,"a, sinI",1.000,0.928,0.962,0.944,0.2,exponential,8.0,sqrt,49,95
793,794,"a, sinI",1.000,0.928,0.962,0.944,0.2,exponential,8.0,sqrt,54,95
794,795,"a, e",1.000,0.936,0.955,0.943,0.2,exponential,8.0,sqrt,15,95
795,796,"a, e",1.000,0.936,0.955,0.943,0.2,exponential,8.0,sqrt,21,95
796,797,"a, e",1.000,0.936,0.955,0.943,0.2,exponential,8.0,sqrt,47,95
797,798,"a, e",1.000,0.936,0.955,0.943,0.2,exponential,,sqrt,10,95
798,799,"a, e",1.000,0.936,0.955,0.943,0.2,exponential,,sqrt,11,95
799,800,"a, e",1.000,0.937,0.955,0.943,0.2,exponential,,sqrt,13,95
800,801,"a, sinI",1.000,0.933,0.954,0.943,0.2,exponential,8.0,sqrt,27,95
801,802,"a, e, n, sinI",1.000,0.935,0.955,0.943,0.2,exponential,,sqrt,58,95
802,803,"a, sinI",1.000,0.934,0.954,0.943,0.2,exponential,8.0,sqrt,52,95
803,804,"a, n, sinI",1.000,0.940,0.947,0.943,0.2,exponential,,sqrt,53,55
804,805,"a, n, sinI",1.000,0.940,0.947,0.943,0.2,exponential,,sqrt,24,55
805,806,"a, n, sinI",1.000,0.940,0.947,0.943,0.2,exponential,,sqrt,27,55
806,807,"a, n, sinI",1.000,0.940,0.947,0.943,0.2,exponential,,sqrt,33,55
807,808,"a, n, sinI",1.000,0.940,0.947,0.943,0.2,exponential,,sqrt,38,55
808,809,"a, n, sinI",1.000,0.940,0.947,0.943,0.2,exponential,8.0,sqrt,6,95
809,810,"a, n, sinI",1.000,0.940,0.947,0.943,0.2,exponential,8.0,sqrt,12,55
810,811,"a, n, sinI",1.000,0.940,0.947,0.943,0.2,exponential,8.0,sqrt,24,55
811,812,"a, n, sinI",1.000,0.940,0.947,0.943,0.2,exponential,8.0,sqrt,34,55
812,813,"a, n, sinI",1.000,0.940,0.947,0.943,0.2,exponential,8.0,sqrt,37,55
813,814,"a, n, sinI",1.000,0.940,0.947,0.943,0.2,exponential,8.0,sqrt,38,55
814,815,"a, n, sinI",1.000,0.940,0.947,0.943,0.2,exponential,8.0,sqrt,42,55
815,816,"a, n, sinI",1.000,0.940,0.947,0.943,0.2,exponential,,sqrt,36,55
816,817,"a, n, sinI",1.000,0.940,0.947,0.943,0.2,exponential,8.0,sqrt,44,55
817,818,"a, sinI",1.000,0.940,0.947,0.943,0.2,exponential,,sqrt,18,55
818,819,"a, e",1.000,0.943,0.947,0.943,0.2,exponential,,sqrt,14,95
819,820,"a, e, n, sinI",1.000,0.936,0.955,0.943,0.2,exponential,8.0,sqrt,48,95
820,821,"a, e, n, sinI",1.000,0.937,0.955,0.943,0.2,exponential,8.0,sqrt,35,95
821,822,"a, n, sinI",1.000,0.940,0.947,0.943,0.2,exponential,,sqrt,4,55
822,823,"a, n, sinI",1.000,0.940,0.947,0.943,0.2,exponential,,sqrt,5,95
823,824,"a, n, sinI",1.000,0.940,0.947,0.943,0.2,exponential,,sqrt,6,95
824,825,"a, e, n",1.000,0.937,0.955,0.943,0.2,exponential,,sqrt,41,95
825,826,"a, e, n",1.000,0.937,0.955,0.943,0.2,exponential,8.0,sqrt,52,95
826,827,"a, e, n",1.000,0.937,0.955,0.943,0.2,exponential,8.0,sqrt,60,95
827,828,"a, e, n, sinI",1.000,0.937,0.955,0.943,0.2,exponential,8.0,sqrt,10,95
828,829,"a, e, n, sinI",1.000,0.937,0.955,0.943,0.2,exponential,8.0,sqrt,16,95
829,830,"a, e, n, sinI",1.000,0.937,0.955,0.943,0.2,exponential,8.0,sqrt,32,95
830,831,"a, e, n, sinI",1.000,0.937,0.955,0.943,0.2,exponential,8.0,sqrt,40,95
831,832,"a, e, n, sinI",1.000,0.942,0.947,0.943,0.2,exponential,,sqrt,59,95
832,833,"a, n, sinI",1.000,0.939,0.947,0.943,0.2,exponential,,sqrt,28,55
833,834,"a, e, n",1.000,0.944,0.948,0.943,0.2,exponential,,sqrt,46,95
834,835,"a, sinI",1.000,0.939,0.946,0.943,0.2,exponential,,sqrt,44,95
835,836,"a, sinI",1.000,0.940,0.946,0.943,0.2,exponential,,sqrt,39,95
836,837,"a, e, n, sinI",1.000,0.942,0.947,0.943,0.2,exponential,,sqrt,52,95
837,838,"a, e, n, sinI",1.000,0.942,0.947,0.943,0.2,exponential,,sqrt,53,95
838,839,"a, e",1.000,0.942,0.947,0.943,0.2,exponential,,sqrt,20,55
839,840,"a, e, n",1.000,0.936,0.955,0.943,0.2,exponential,8.0,sqrt,20,95
840,841,"a, e, n",1.000,0.943,0.948,0.943,0.2,exponential,,sqrt,47,95
841,842,"a, n, sinI",1.000,0.946,0.939,0.943,0.2,exponential,,sqrt,58,55
842,843,"a, e, n",1.000,0.944,0.948,0.943,0.2,exponential,,sqrt,13,95
843,844,"a, e, n",1.000,0.944,0.948,0.943,0.2,exponential,,sqrt,23,95
844,845,"a, e, n",1.000,0.944,0.948,0.943,0.2,exponential,,sqrt,26,95
845,846,"a, e, n",1.000,0.944,0.948,0.943,0.2,exponential,,sqrt,31,95
846,847,"a, e, n",1.000,0.944,0.948,0.943,0.2,exponential,,sqrt,33,95
847,848,"a, e, n",1.000,0.944,0.948,0.943,0.2,exponential,,sqrt,39,95
848,849,"a, e, n",1.000,0.944,0.948,0.943,0.2,exponential,,sqrt,51,95
849,850,"a, e, n",1.000,0.944,0.948,0.943,0.2,exponential,,sqrt,52,95
850,851,"a, e, n",1.000,0.944,0.948,0.943,0.2,exponential,,sqrt,53,95
851,852,"a, e, n",1.000,0.944,0.948,0.943,0.2,exponential,,sqrt,54,95
852,853,"a, e, n",1.000,0.944,0.948,0.943,0.2,exponential,,sqrt,55,95
853,854,"a, e, n",1.000,0.944,0.948,0.943,0.2,exponential,,sqrt,56,95
854,855,"a, e, n",1.000,0.944,0.948,0.943,0.2,exponential,,sqrt,57,95
855,856,"a, e, n",1.000,0.944,0.948,0.943,0.2,exponential,,sqrt,58,95
856,857,"a, e, n",1.000,0.944,0.948,0.943,0.2,exponential,,sqrt,59,95
857,858,"a, e, n",1.000,0.944,0.948,0.943,0.2,exponential,,sqrt,60,95
858,859,"a, e, n",1.000,0.944,0.948,0.943,0.2,exponential,8.0,sqrt,50,55
859,860,"a, e, n",1.000,0.944,0.948,0.943,0.2,exponential,8.0,sqrt,52,55
860,861,"a, e, n",1.000,0.944,0.948,0.943,0.2,exponential,8.0,sqrt,53,55
861,862,"a, n, sinI",1.000,0.946,0.939,0.943,0.2,exponential,,sqrt,24,95
862,863,"a, n, sinI",1.000,0.946,0.939,0.943,0.2,exponential,8.0,sqrt,23,95
863,864,"a, n, sinI",1.000,0.946,0.939,0.943,0.2,exponential,8.0,sqrt,35,95
864,865,"a, e, n",1.000,0.945,0.948,0.942,0.2,exponential,8.0,sqrt,24,95
865,866,"a, sinI",1.000,0.934,0.954,0.942,0.2,exponential,8.0,sqrt,13,95
866,867,"a, n, sinI",1.000,0.946,0.940,0.942,0.2,exponential,,sqrt,19,55
867,868,"a, n, sinI",1.000,0.946,0.940,0.942,0.2,exponential,,sqrt,23,55
868,869,"a, n, sinI",1.000,0.946,0.940,0.942,0.2,exponential,,sqrt,25,55
869,870,"a, n, sinI",1.000,0.946,0.940,0.942,0.2,exponential,,sqrt,26,55
870,871,"a, n, sinI",1.000,0.946,0.940,0.942,0.2,exponential,,sqrt,34,95
871,872,"a, n, sinI",1.000,0.946,0.940,0.942,0.2,exponential,8.0,sqrt,16,55
872,873,"a, n, sinI",1.000,0.946,0.940,0.942,0.2,exponential,8.0,sqrt,29,95
873,874,"a, n, sinI",1.000,0.946,0.940,0.942,0.2,exponential,8.0,sqrt,58,95
874,875,"a, n, sinI",1.000,0.946,0.940,0.942,0.2,exponential,8.0,sqrt,59,95
875,876,"a, n, sinI",1.000,0.947,0.939,0.942,0.2,exponential,8.0,sqrt,5,55
876,877,"a, sinI",1.000,0.946,0.939,0.942,0.2,exponential,,sqrt,56,95
877,878,"a, e, n, sinI",1.000,0.942,0.948,0.942,0.2,exponential,8.0,sqrt,56,95
878,879,"a, e, n, sinI",1.000,0.942,0.948,0.942,0.2,exponential,8.0,sqrt,58,95
879,880,"a, e, n, sinI",1.000,0.942,0.948,0.942,0.2,exponential,,sqrt,19,95
880,881,"a, e, n, sinI",1.000,0.942,0.948,0.942,0.2,exponential,,sqrt,36,95
881,882,"a, e, n, sinI",1.000,0.942,0.948,0.942,0.2,exponential,,sqrt,46,95
882,883,"a, e, n, sinI",1.000,0.942,0.948,0.942,0.2,exponential,,sqrt,47,95
883,884,"a, e, n, sinI",1.000,0.942,0.948,0.942,0.2,exponential,,sqrt,50,95
884,885,"a, e, n",1.000,0.943,0.948,0.942,0.2,exponential,,sqrt,7,95
885,886,"a, e, n",1.000,0.943,0.948,0.942,0.2,exponential,,sqrt,43,95
886,887,"a, e, n",1.000,0.943,0.948,0.942,0.2,exponential,8.0,sqrt,17,95
887,888,"a, e, n",1.000,0.943,0.948,0.942,0.2,exponential,8.0,sqrt,39,95
888,889,"a, e, n, sinI",1.000,0.943,0.948,0.942,0.2,exponential,8.0,sqrt,22,95
889,890,"a, e, n, sinI",1.000,0.943,0.948,0.942,0.2,exponential,8.0,sqrt,30,95
890,891,"a, e, n, sinI",1.000,0.943,0.948,0.942,0.2,exponential,8.0,sqrt,51,95
891,892,"a, sinI",1.000,0.940,0.946,0.942,0.2,exponential,8.0,sqrt,13,55
892,893,"a, sinI",1.000,0.946,0.939,0.942,0.2,exponential,,sqrt,31,55
893,894,"a, sinI",1.000,0.946,0.939,0.942,0.2,exponential,,sqrt,50,55
894,895,"a, e, n, sinI",1.000,0.942,0.948,0.942,0.2,exponential,,sqrt,48,95
895,896,"a, e, n, sinI",1.000,0.943,0.948,0.942,0.2,exponential,8.0,sqrt,36,95
896,897,"a, e, n, sinI",1.000,0.943,0.948,0.942,0.2,exponential,8.0,sqrt,52,95
897,898,"a, e",1.000,0.947,0.939,0.942,0.2,exponential,8.0,sqrt,11,55
898,899,"a, e",1.000,0.948,0.940,0.942,0.2,exponential,,sqrt,12,55
899,900,"a, e, n, sinI",1.000,0.949,0.940,0.942,0.2,exponential,,sqrt,15,55
900,901,"a, e, n, sinI",1.000,0.949,0.940,0.942,0.2,exponential,,sqrt,49,55
901,902,"a, e, n, sinI",1.000,0.949,0.940,0.942,0.2,exponential,8.0,sqrt,59,55
902,903,"a, e, n, sinI",1.000,0.949,0.940,0.942,0.2,exponential,8.0,sqrt,60,55
903,904,"a, sinI",1.000,0.946,0.939,0.942,0.2,exponential,,sqrt,32,95
904,905,"a, sinI",1.000,0.946,0.939,0.942,0.2,exponential,,sqrt,47,95
905,906,"a, e, n, sinI",1.000,0.949,0.940,0.942,0.2,exponential,,sqrt,7,95
906,907,"a, e, n, sinI",1.000,0.949,0.940,0.942,0.2,exponential,,sqrt,16,55
907,908,"a, e, n, sinI",1.000,0.949,0.940,0.942,0.2,exponential,,sqrt,18,55
908,909,"a, e, n, sinI",1.000,0.949,0.940,0.942,0.2,exponential,,sqrt,19,55
909,910,"a, e, n, sinI",1.000,0.949,0.940,0.942,0.2,exponential,,sqrt,26,55
910,911,"a, e, n, sinI",1.000,0.949,0.940,0.942,0.2,exponential,,sqrt,36,55
911,912,"a, e, n, sinI",1.000,0.949,0.940,0.942,0.2,exponential,,sqrt,38,55
912,913,"a, e, n, sinI",1.000,0.949,0.940,0.942,0.2,exponential,,sqrt,55,55
913,914,"a, e, n, sinI",1.000,0.949,0.940,0.942,0.2,exponential,,sqrt,58,55
914,915,"a, e, n, sinI",1.000,0.949,0.940,0.942,0.2,exponential,8.0,sqrt,7,95
915,916,"a, e, n, sinI",1.000,0.949,0.940,0.942,0.2,exponential,,sqrt,29,55
916,917,"a, e, n",1.000,0.949,0.940,0.942,0.2,exponential,,sqrt,7,55
917,918,"a, e, n",1.000,0.949,0.940,0.942,0.2,exponential,,sqrt,24,95
918,919,"a, e, n",1.000,0.949,0.940,0.942,0.2,exponential,8.0,sqrt,2,95
919,920,"a, e, n",1.000,0.949,0.940,0.942,0.2,exponential,8.0,sqrt,13,55
920,921,"a, e, n",1.000,0.949,0.940,0.942,0.2,exponential,8.0,sqrt,56,95
921,922,"a, e, n, sinI",1.000,0.949,0.940,0.942,0.2,exponential,,sqrt,8,55
922,923,"a, e, n, sinI",1.000,0.949,0.940,0.942,0.2,exponential,,sqrt,13,95
923,924,"a, e, n, sinI",1.000,0.949,0.940,0.942,0.2,exponential,,sqrt,34,95
924,925,"a, e, n, sinI",1.000,0.949,0.940,0.942,0.2,exponential,,sqrt,51,95
925,926,"a, e",1.000,0.949,0.940,0.942,0.2,exponential,,sqrt,24,55
926,927,"a, sinI",1.000,0.947,0.939,0.942,0.2,exponential,,sqrt,4,95
927,928,"a, sinI",1.000,0.947,0.939,0.942,0.2,exponential,,sqrt,15,55
928,929,"a, e, n, sinI",1.000,0.949,0.940,0.942,0.2,exponential,,sqrt,13,55
929,930,"a, e",1.000,0.954,0.932,0.941,0.2,exponential,,sqrt,9,55
930,931,"a, e, n, sinI",1.000,0.955,0.932,0.941,0.2,exponential,,sqrt,3,55
931,932,"a, e, n, sinI",1.000,0.955,0.932,0.941,0.2,exponential,,sqrt,6,55
932,933,"a, sinI",1.000,0.953,0.931,0.941,0.2,exponential,,sqrt,6,95
933,934,"a, sinI",1.000,0.954,0.931,0.941,0.2,exponential,8.0,sqrt,2,55
934,935,"a, e",1.000,0.930,0.955,0.940,0.2,exponential,8.0,sqrt,39,95
935,936,"a, e",1.000,0.929,0.955,0.940,0.2,exponential,8.0,sqrt,41,95
936,937,"a, e",1.000,0.929,0.955,0.940,0.2,exponential,8.0,sqrt,54,95
937,938,"a, e",1.000,0.930,0.955,0.940,0.2,exponential,,sqrt,20,95
938,939,"a, e",1.000,0.930,0.955,0.940,0.2,exponential,,sqrt,12,95
939,940,"a, n, sinI",1.000,0.933,0.947,0.939,0.2,exponential,,sqrt,8,55
940,941,"a, n, sinI",1.000,0.933,0.947,0.939,0.2,exponential,8.0,sqrt,44,95
941,942,"a, n, sinI",1.000,0.932,0.947,0.939,0.2,exponential,8.0,sqrt,9,95
942,943,"a, n, sinI",1.000,0.932,0.947,0.939,0.2,exponential,8.0,sqrt,26,95
943,944,"a, n, sinI",1.000,0.932,0.947,0.939,0.2,exponential,8.0,sqrt,47,95
944,945,"a, n, sinI",1.000,0.933,0.947,0.939,0.2,exponential,,sqrt,6,55
945,946,"a, n, sinI",1.000,0.933,0.947,0.939,0.2,exponential,,sqrt,29,55
946,947,"a, n, sinI",1.000,0.933,0.947,0.939,0.2,exponential,,sqrt,49,55
947,948,"a, n, sinI",1.000,0.933,0.947,0.939,0.2,exponential,8.0,sqrt,38,95
948,949,"a, n, sinI",1.000,0.933,0.947,0.939,0.2,exponential,8.0,sqrt,43,55
949,950,"a, n, sinI",1.000,0.933,0.947,0.939,0.2,exponential,8.0,sqrt,45,55
950,951,"a, n, sinI",1.000,0.933,0.947,0.939,0.2,exponential,8.0,sqrt,49,55
951,952,"a, n, sinI",1.000,0.933,0.947,0.939,0.2,exponential,8.0,sqrt,50,55
952,953,"a, n, sinI",1.000,0.933,0.947,0.939,0.2,exponential,8.0,sqrt,51,55
953,954,"a, n, sinI",1.000,0.933,0.947,0.939,0.2,exponential,,sqrt,4,95
954,955,"a, n, sinI",1.000,0.934,0.947,0.939,0.2,exponential,,sqrt,5,55
955,956,"a, e",1.000,0.936,0.947,0.939,0.2,exponential,,sqrt,24,95
956,957,"a, e, n, sinI",1.000,0.930,0.955,0.939,0.2,exponential,8.0,sqrt,33,95
957,958,"a, sinI",1.000,0.933,0.946,0.939,0.2,exponential,,sqrt,26,55
958,959,"a, n, sinI",1.000,0.940,0.939,0.939,0.2,exponential,8.0,sqrt,37,95
959,960,"a, e, n, sinI",1.000,0.936,0.948,0.939,0.2,exponential,8.0,sqrt,43,95
960,961,"a, n, sinI",1.000,0.939,0.939,0.939,0.2,exponential,,sqrt,60,95
961,962,"a, n, sinI",1.000,0.939,0.939,0.939,0.2,exponential,,sqrt,30,55
962,963,"a, n, sinI",1.000,0.939,0.939,0.939,0.2,exponential,,sqrt,46,95
963,964,"a, n, sinI",1.000,0.939,0.939,0.939,0.2,exponential,,sqrt,51,95
964,965,"a, n, sinI",1.000,0.939,0.939,0.939,0.2,exponential,8.0,sqrt,7,55
965,966,"a, n, sinI",1.000,0.939,0.939,0.939,0.2,exponential,8.0,sqrt,13,95
966,967,"a, n, sinI",1.000,0.939,0.939,0.939,0.2,exponential,8.0,sqrt,24,95
967,968,"a, n, sinI",1.000,0.939,0.939,0.939,0.2,exponential,8.0,sqrt,28,55
968,969,"a, n, sinI",1.000,0.939,0.939,0.939,0.2,exponential,8.0,sqrt,32,95
969,970,"a, n, sinI",1.000,0.939,0.939,0.939,0.2,exponential,8.0,sqrt,33,55
970,971,"a, n, sinI",1.000,0.939,0.939,0.939,0.2,exponential,8.0,sqrt,33,95
971,972,"a, n, sinI",1.000,0.939,0.939,0.939,0.2,exponential,8.0,sqrt,35,55
972,973,"a, n, sinI",1.000,0.939,0.939,0.939,0.2,exponential,8.0,sqrt,39,55
973,974,"a, n, sinI",1.000,0.939,0.939,0.939,0.2,exponential,8.0,sqrt,43,95
974,975,"a, n, sinI",1.000,0.939,0.939,0.939,0.2,exponential,8.0,sqrt,53,55
975,976,"a, n, sinI",1.000,0.939,0.939,0.939,0.2,exponential,8.0,sqrt,55,95
976,977,"a, e, n",1.000,0.937,0.948,0.939,0.2,exponential,,sqrt,48,95
977,978,"a, e, n, sinI",1.000,0.937,0.948,0.939,0.2,exponential,8.0,sqrt,46,95
978,979,"a, e, n, sinI",1.000,0.937,0.948,0.939,0.2,exponential,8.0,sqrt,47,95
979,980,"a, n, sinI",1.000,0.939,0.939,0.939,0.2,exponential,,sqrt,45,55
980,981,"a, n, sinI",1.000,0.939,0.939,0.939,0.2,exponential,,sqrt,47,55
981,982,"a, n, sinI",1.000,0.939,0.939,0.939,0.2,exponential,,sqrt,48,55
982,983,"a, n, sinI",1.000,0.939,0.939,0.939,0.2,exponential,,sqrt,57,55
983,984,"a, n, sinI",1.000,0.939,0.939,0.939,0.2,exponential,8.0,sqrt,56,55
984,985,"a, n, sinI",1.000,0.939,0.939,0.939,0.2,exponential,,sqrt,55,95
985,986,"a, n, sinI",1.000,0.940,0.939,0.939,0.2,exponential,,sqrt,40,95
986,987,"a, n, sinI",1.000,0.940,0.939,0.939,0.2,exponential,,sqrt,42,55
987,988,"a, n, sinI",1.000,0.940,0.939,0.939,0.2,exponential,8.0,sqrt,52,55
988,989,"a, n, sinI",1.000,0.940,0.939,0.939,0.2,exponential,8.0,sqrt,3,95
989,990,"a, n, sinI",1.000,0.939,0.940,0.939,0.2,exponential,,sqrt,44,95
990,991,"a, n, sinI",1.000,0.939,0.940,0.939,0.2,exponential,,sqrt,22,55
991,992,"a, n, sinI",1.000,0.939,0.940,0.939,0.2,exponential,,sqrt,34,55
992,993,"a, n, sinI",1.000,0.939,0.940,0.939,0.2,exponential,,sqrt,37,55
993,994,"a, n, sinI",1.000,0.939,0.940,0.939,0.2,exponential,,sqrt,41,55
994,995,"a, n, sinI",1.000,0.939,0.940,0.939,0.2,exponential,,sqrt,41,95
995,996,"a, n, sinI",1.000,0.939,0.940,0.939,0.2,exponential,,sqrt,57,95
996,997,"a, n, sinI",1.000,0.939,0.940,0.939,0.2,exponential,8.0,sqrt,11,55
997,998,"a, n, sinI",1.000,0.939,0.940,0.939,0.2,exponential,8.0,sqrt,26,55
998,999,"a, n, sinI",1.000,0.939,0.940,0.939,0.2,exponential,8.0,sqrt,29,55
999,1000,"a, n, sinI",1.000,0.939,0.940,0.939,0.2,exponential,8.0,sqrt,36,55
1000,1001,"a, n, sinI",1.000,0.939,0.940,0.939,0.2,exponential,8.0,sqrt,36,95
1001,1002,"a, n, sinI",1.000,0.939,0.940,0.939,0.2,exponential,8.0,sqrt,54,95
1002,1003,"a, n, sinI",1.000,0.939,0.940,0.939,0.2,exponential,8.0,sqrt,60,55
1003,1004,"a, n, sinI",1.000,0.939,0.940,0.939,0.2,exponential,,sqrt,7,55
1004,1005,"a, n, sinI",1.000,0.939,0.940,0.939,0.2,exponential,,sqrt,7,95
1005,1006,"a, n, sinI",1.000,0.939,0.940,0.939,0.2,exponential,,sqrt,23,95
1006,1007,"a, n, sinI",1.000,0.939,0.940,0.939,0.2,exponential,,sqrt,27,95
1007,1008,"a, n, sinI",1.000,0.939,0.940,0.939,0.2,exponential,,sqrt,30,95
1008,1009,"a, n, sinI",1.000,0.939,0.940,0.939,0.2,exponential,,sqrt,33,95
1009,1010,"a, n, sinI",1.000,0.939,0.940,0.939,0.2,exponential,,sqrt,45,95
1010,1011,"a, n, sinI",1.000,0.940,0.940,0.939,0.2,exponential,8.0,sqrt,9,55
1011,1012,"a, n, sinI",1.000,0.940,0.939,0.939,0.2,exponential,8.0,sqrt,4,55
1012,1013,"a, e, n, sinI",1.000,0.935,0.948,0.939,0.2,exponential,8.0,sqrt,29,95
1013,1014,"a, n, sinI",1.000,0.947,0.932,0.939,0.2,exponential,,sqrt,11,55
1014,1015,"a, n, sinI",1.000,0.940,0.939,0.939,0.2,exponential,,sqrt,2,95
1015,1016,"a, sinI",1.000,0.939,0.939,0.939,0.2,exponential,,sqrt,41,55
1016,1017,"a, e, n, sinI",1.000,0.942,0.940,0.938,0.2,exponential,,sqrt,8,95
1017,1018,"a, e, n, sinI",1.000,0.942,0.940,0.938,0.2,exponential,8.0,sqrt,59,95
1018,1019,"a, n, sinI",1.000,0.946,0.932,0.938,0.2,exponential,,sqrt,12,55
1019,1020,"a, n, sinI",1.000,0.946,0.932,0.938,0.2,exponential,,sqrt,20,55
1020,1021,"a, n, sinI",1.000,0.946,0.932,0.938,0.2,exponential,,sqrt,8,95
1021,1022,"a, n, sinI",1.000,0.946,0.932,0.938,0.2,exponential,,sqrt,18,55
1022,1023,"a, n, sinI",1.000,0.946,0.932,0.938,0.2,exponential,,sqrt,31,55
1023,1024,"a, n, sinI",1.000,0.946,0.932,0.938,0.2,exponential,,sqrt,31,95
1024,1025,"a, n, sinI",1.000,0.946,0.932,0.938,0.2,exponential,,sqrt,39,95
1025,1026,"a, n, sinI",1.000,0.946,0.932,0.938,0.2,exponential,8.0,sqrt,15,95
1026,1027,"a, n, sinI",1.000,0.946,0.932,0.938,0.2,exponential,8.0,sqrt,25,95
1027,1028,"a, n, sinI",1.000,0.946,0.932,0.938,0.2,exponential,8.0,sqrt,27,95
1028,1029,"a, n, sinI",1.000,0.946,0.932,0.938,0.2,exponential,8.0,sqrt,28,95
1029,1030,"a, n, sinI",1.000,0.946,0.932,0.938,0.2,exponential,8.0,sqrt,42,95
1030,1031,"a, n, sinI",1.000,0.947,0.932,0.938,0.2,exponential,,sqrt,11,95
1031,1032,"a, n, sinI",1.000,0.946,0.932,0.938,0.2,exponential,8.0,sqrt,4,95
1032,1033,"a, sinI",1.000,0.939,0.939,0.938,0.2,exponential,,sqrt,44,55
1033,1034,"a, sinI",1.000,0.939,0.939,0.938,0.2,exponential,,sqrt,41,95
1034,1035,"a, e, n, sinI",1.000,0.942,0.940,0.938,0.2,exponential,,sqrt,11,95
1035,1036,"a, e, n, sinI",1.000,0.942,0.940,0.938,0.2,exponential,,sqrt,12,95
1036,1037,"a, e, n, sinI",1.000,0.942,0.940,0.938,0.2,exponential,,sqrt,16,95
1037,1038,"a, e, n, sinI",1.000,0.942,0.940,0.938,0.2,exponential,,sqrt,37,95
1038,1039,"a, e",1.000,0.942,0.940,0.938,0.2,exponential,,sqrt,18,55
1039,1040,"a, e, n",1.000,0.942,0.940,0.938,0.2,exponential,,sqrt,3,95
1040,1041,"a, e, n, sinI",1.000,0.948,0.932,0.938,0.2,exponential,,sqrt,7,55
1041,1042,"a, e, n, sinI",1.000,0.949,0.932,0.938,0.2,exponential,,sqrt,10,55
1042,1043,"a, e, n, sinI",1.000,0.949,0.932,0.938,0.2,exponential,,sqrt,11,55
1043,1044,"a, e, n, sinI",1.000,0.949,0.932,0.938,0.2,exponential,,sqrt,12,55
1044,1045,"a, e, n, sinI",1.000,0.949,0.932,0.938,0.2,exponential,,sqrt,14,55
1045,1046,"a, e, n, sinI",1.000,0.949,0.932,0.938,0.2,exponential,,sqrt,37,55
1046,1047,"a, e, n, sinI",1.000,0.949,0.932,0.938,0.2,exponential,8.0,sqrt,13,55
1047,1048,"a, e, n, sinI",1.000,0.949,0.932,0.938,0.2,exponential,8.0,sqrt,8,55
1048,1049,"a, sinI",1.000,0.946,0.931,0.938,0.2,exponential,,sqrt,34,55
1049,1050,"a, e, n, sinI",1.000,0.948,0.932,0.938,0.2,exponential,,sqrt,5,95
1050,1051,"a, sinI",1.000,0.947,0.931,0.938,0.2,exponential,,sqrt,2,95
1051,1052,"a, sinI",1.000,0.947,0.931,0.938,0.2,exponential,,sqrt,4,55
1052,1053,"a, sinI",1.000,0.945,0.931,0.938,0.2,exponential,,sqrt,43,55
1053,1054,"a, e, n, sinI",1.000,0.949,0.932,0.938,0.2,exponential,,sqrt,40,55
1054,1055,"a, e, n, sinI",1.000,0.949,0.932,0.938,0.2,exponential,,sqrt,53,55
1055,1056,"a, n, sinI",1.000,0.953,0.924,0.938,0.2,exponential,,sqrt,2,55
1056,1057,"a, n, sinI",1.000,0.953,0.924,0.938,0.2,exponential,8.0,sqrt,2,55
1057,1058,"a, sinI",1.000,0.946,0.931,0.937,0.2,exponential,,sqrt,3,55
1058,1059,"a, sinI",1.000,0.953,0.924,0.937,0.2,exponential,,sqrt,14,55
1059,1060,"a, e, n, sinI",1.000,0.955,0.925,0.937,0.2,exponential,,sqrt,2,95
1060,1061,"a, e, n, sinI",1.000,0.955,0.925,0.937,0.2,exponential,,sqrt,4,95
1061,1062,"a, e, n, sinI",1.000,0.955,0.925,0.937,0.2,exponential,8.0,sqrt,2,55
1062,1063,"a, e, n, sinI",1.000,0.955,0.925,0.937,0.2,exponential,8.0,sqrt,4,95
1063,1064,"a, e, n, sinI",1.000,0.955,0.925,0.937,0.2,exponential,8.0,sqrt,5,55
1064,1065,"a, sinI",1.000,0.953,0.924,0.937,0.2,exponential,,sqrt,2,55
1065,1066,"a, n, sinI",1.000,0.926,0.947,0.936,0.2,exponential,8.0,sqrt,6,55
1066,1067,"a, n, sinI",1.000,0.925,0.947,0.936,0.2,exponential,8.0,sqrt,49,95
1067,1068,"a, n, sinI",1.000,0.926,0.947,0.936,0.2,exponential,8.0,sqrt,57,95
1068,1069,"a, n, sinI",1.000,0.925,0.947,0.936,0.2,exponential,,sqrt,49,95
1069,1070,"a, n, sinI",1.000,0.926,0.947,0.936,0.2,exponential,8.0,sqrt,8,55
1070,1071,"a, n, sinI",1.000,0.932,0.939,0.935,0.2,exponential,8.0,sqrt,19,95
1071,1072,"a, n, sinI",1.000,0.932,0.939,0.935,0.2,exponential,8.0,sqrt,39,95
1072,1073,"a, n, sinI",1.000,0.932,0.939,0.935,0.2,exponential,8.0,sqrt,53,95
1073,1074,"a, n, sinI",1.000,0.932,0.939,0.935,0.2,exponential,,sqrt,44,55
1074,1075,"a, n, sinI",1.000,0.932,0.939,0.935,0.2,exponential,,sqrt,46,55
1075,1076,"a, n, sinI",1.000,0.932,0.939,0.935,0.2,exponential,,sqrt,54,55
1076,1077,"a, n, sinI",1.000,0.932,0.939,0.935,0.2,exponential,8.0,sqrt,5,95
1077,1078,"a, n, sinI",1.000,0.932,0.939,0.935,0.2,exponential,8.0,sqrt,32,55
1078,1079,"a, n, sinI",1.000,0.932,0.939,0.935,0.2,exponential,8.0,sqrt,47,55
1079,1080,"a, n, sinI",1.000,0.932,0.940,0.935,0.2,exponential,,sqrt,10,55
1080,1081,"a, n, sinI",1.000,0.932,0.940,0.935,0.2,exponential,,sqrt,14,55
1081,1082,"a, n, sinI",1.000,0.933,0.940,0.935,0.2,exponential,,sqrt,15,55
1082,1083,"a, n, sinI",1.000,0.933,0.940,0.935,0.2,exponential,,sqrt,15,95
1083,1084,"a, n, sinI",1.000,0.933,0.940,0.935,0.2,exponential,,sqrt,17,55
1084,1085,"a, n, sinI",1.000,0.932,0.940,0.935,0.2,exponential,8.0,sqrt,10,95
1085,1086,"a, n, sinI",1.000,0.932,0.940,0.935,0.2,exponential,8.0,sqrt,46,95
1086,1087,"a, n, sinI",1.000,0.932,0.940,0.935,0.2,exponential,,sqrt,16,55
1087,1088,"a, n, sinI",1.000,0.932,0.940,0.935,0.2,exponential,,sqrt,32,55
1088,1089,"a, n, sinI",1.000,0.932,0.940,0.935,0.2,exponential,8.0,sqrt,57,55
1089,1090,"a, n, sinI",1.000,0.932,0.940,0.935,0.2,exponential,8.0,sqrt,58,55
1090,1091,"a, n, sinI",1.000,0.932,0.940,0.935,0.2,exponential,8.0,sqrt,60,95
1091,1092,"a, n, sinI",1.000,0.938,0.932,0.935,0.2,exponential,,sqrt,43,95
1092,1093,"a, e, n",1.000,0.936,0.940,0.935,0.2,exponential,,sqrt,44,95
1093,1094,"a, n, sinI",1.000,0.939,0.932,0.935,0.2,exponential,,sqrt,50,55
1094,1095,"a, n, sinI",1.000,0.939,0.932,0.935,0.2,exponential,,sqrt,51,55
1095,1096,"a, n, sinI",1.000,0.939,0.932,0.935,0.2,exponential,,sqrt,55,55
1096,1097,"a, n, sinI",1.000,0.938,0.932,0.935,0.2,exponential,,sqrt,12,95
1097,1098,"a, n, sinI",1.000,0.938,0.932,0.935,0.2,exponential,,sqrt,14,95
1098,1099,"a, n, sinI",1.000,0.938,0.932,0.935,0.2,exponential,,sqrt,18,95
1099,1100,"a, n, sinI",1.000,0.938,0.932,0.935,0.2,exponential,,sqrt,21,55
1100,1101,"a, n, sinI",1.000,0.938,0.932,0.935,0.2,exponential,,sqrt,26,95
1101,1102,"a, n, sinI",1.000,0.938,0.932,0.935,0.2,exponential,,sqrt,35,95
1102,1103,"a, n, sinI",1.000,0.938,0.932,0.935,0.2,exponential,,sqrt,56,55
1103,1104,"a, n, sinI",1.000,0.938,0.932,0.935,0.2,exponential,8.0,sqrt,7,95
1104,1105,"a, n, sinI",1.000,0.938,0.932,0.935,0.2,exponential,8.0,sqrt,13,55
1105,1106,"a, n, sinI",1.000,0.938,0.932,0.935,0.2,exponential,8.0,sqrt,14,95
1106,1107,"a, n, sinI",1.000,0.938,0.932,0.935,0.2,exponential,8.0,sqrt,15,55
1107,1108,"a, n, sinI",1.000,0.938,0.932,0.935,0.2,exponential,8.0,sqrt,16,95
1108,1109,"a, n, sinI",1.000,0.938,0.932,0.935,0.2,exponential,8.0,sqrt,17,55
1109,1110,"a, n, sinI",1.000,0.938,0.932,0.935,0.2,exponential,8.0,sqrt,17,95
1110,1111,"a, n, sinI",1.000,0.938,0.932,0.935,0.2,exponential,8.0,sqrt,18,55
1111,1112,"a, n, sinI",1.000,0.938,0.932,0.935,0.2,exponential,8.0,sqrt,18,95
1112,1113,"a, n, sinI",1.000,0.938,0.932,0.935,0.2,exponential,8.0,sqrt,19,55
1113,1114,"a, n, sinI",1.000,0.938,0.932,0.935,0.2,exponential,8.0,sqrt,20,55
1114,1115,"a, n, sinI",1.000,0.938,0.932,0.935,0.2,exponential,8.0,sqrt,21,55
1115,1116,"a, n, sinI",1.000,0.938,0.932,0.935,0.2,exponential,8.0,sqrt,21,95
1116,1117,"a, n, sinI",1.000,0.938,0.932,0.935,0.2,exponential,8.0,sqrt,22,55
1117,1118,"a, n, sinI",1.000,0.938,0.932,0.935,0.2,exponential,8.0,sqrt,22,95
1118,1119,"a, n, sinI",1.000,0.938,0.932,0.935,0.2,exponential,8.0,sqrt,25,55
1119,1120,"a, n, sinI",1.000,0.938,0.932,0.935,0.2,exponential,8.0,sqrt,27,55
1120,1121,"a, n, sinI",1.000,0.938,0.932,0.935,0.2,exponential,8.0,sqrt,30,55
1121,1122,"a, n, sinI",1.000,0.938,0.932,0.935,0.2,exponential,8.0,sqrt,31,55
1122,1123,"a, n, sinI",1.000,0.938,0.932,0.935,0.2,exponential,8.0,sqrt,40,95
1123,1124,"a, n, sinI",1.000,0.938,0.932,0.935,0.2,exponential,8.0,sqrt,46,55
1124,1125,"a, n, sinI",1.000,0.939,0.932,0.935,0.2,exponential,,sqrt,60,55
1125,1126,"a, n, sinI",1.000,0.939,0.932,0.935,0.2,exponential,,sqrt,9,95
1126,1127,"a, n, sinI",1.000,0.939,0.932,0.935,0.2,exponential,,sqrt,19,95
1127,1128,"a, n, sinI",1.000,0.939,0.932,0.935,0.2,exponential,,sqrt,20,95
1128,1129,"a, n, sinI",1.000,0.939,0.932,0.935,0.2,exponential,,sqrt,21,95
1129,1130,"a, n, sinI",1.000,0.939,0.932,0.935,0.2,exponential,,sqrt,25,95
1130,1131,"a, n, sinI",1.000,0.939,0.932,0.935,0.2,exponential,,sqrt,36,95
1131,1132,"a, n, sinI",1.000,0.939,0.932,0.935,0.2,exponential,,sqrt,38,95
1132,1133,"a, n, sinI",1.000,0.939,0.932,0.935,0.2,exponential,8.0,sqrt,23,55
1133,1134,"a, n, sinI",1.000,0.939,0.932,0.935,0.2,exponential,8.0,sqrt,30,95
1134,1135,"a, n, sinI",1.000,0.939,0.932,0.935,0.2,exponential,8.0,sqrt,59,55
1135,1136,"a, e, n, sinI",1.000,0.935,0.940,0.935,0.2,exponential,8.0,sqrt,53,95
1136,1137,"a, n, sinI",1.000,0.939,0.932,0.935,0.2,exponential,8.0,sqrt,10,55
1137,1138,"a, n, sinI",1.000,0.939,0.932,0.935,0.2,exponential,8.0,sqrt,2,95
1138,1139,"a, n, sinI",1.000,0.938,0.932,0.934,0.2,exponential,,sqrt,32,95
1139,1140,"a, e, n, sinI",1.000,0.941,0.932,0.934,0.2,exponential,,sqrt,6,95
1140,1141,"a, e, n, sinI",1.000,0.941,0.932,0.934,0.2,exponential,8.0,sqrt,60,95
1141,1142,"a, sinI",1.000,0.940,0.931,0.934,0.2,exponential,,sqrt,6,55
1142,1143,"a, sinI",1.000,0.939,0.931,0.934,0.2,exponential,8.0,sqrt,3,55
1143,1144,"a, n, sinI",1.000,0.945,0.925,0.934,0.2,exponential,,sqrt,56,95
1144,1145,"a, e, n, sinI",1.000,0.941,0.932,0.934,0.2,exponential,8.0,sqrt,5,95
1145,1146,"a, e, n, sinI",1.000,0.949,0.925,0.934,0.2,exponential,8.0,sqrt,9,55
1146,1147,"a, e, n, sinI",1.000,0.955,0.917,0.933,0.2,exponential,,sqrt,2,55
1147,1148,"a, n, sinI",1.000,0.919,0.947,0.932,0.2,exponential,8.0,sqrt,56,95
1148,1149,"a, n, sinI",1.000,0.919,0.947,0.932,0.2,exponential,8.0,sqrt,41,95
1149,1150,"a, n, sinI",1.000,0.925,0.939,0.932,0.2,exponential,8.0,sqrt,52,95
1150,1151,"a, n, sinI",1.000,0.925,0.939,0.932,0.2,exponential,,sqrt,43,55
1151,1152,"a, n, sinI",1.000,0.925,0.940,0.932,0.2,exponential,8.0,sqrt,11,95
1152,1153,"a, n, sinI",1.000,0.925,0.940,0.932,0.2,exponential,8.0,sqrt,51,95
1153,1154,"a, n, sinI",1.000,0.926,0.940,0.932,0.2,exponential,8.0,sqrt,48,55
1154,1155,"a, n, sinI",1.000,0.932,0.932,0.931,0.2,exponential,,sqrt,59,55
1155,1156,"a, n, sinI",1.000,0.932,0.932,0.931,0.2,exponential,8.0,sqrt,55,55
1156,1157,"a, n, sinI",1.000,0.932,0.932,0.931,0.2,exponential,,sqrt,29,95
1157,1158,"a, n, sinI",1.000,0.932,0.932,0.931,0.2,exponential,8.0,sqrt,20,95
1158,1159,"a, n, sinI",1.000,0.932,0.932,0.931,0.2,exponential,8.0,sqrt,31,95
1159,1160,"a, n, sinI",1.000,0.932,0.932,0.931,0.2,exponential,,sqrt,17,95
1160,1161,"a, n, sinI",1.000,0.931,0.932,0.931,0.2,exponential,,sqrt,52,95
1161,1162,"a, n, sinI",1.000,0.931,0.932,0.931,0.2,exponential,8.0,sqrt,50,95
1162,1163,"a, n, sinI",1.000,0.932,0.932,0.931,0.2,exponential,,sqrt,9,55
1163,1164,"a, n, sinI",1.000,0.932,0.932,0.931,0.2,exponential,,sqrt,22,95
1164,1165,"a, n, sinI",1.000,0.932,0.932,0.931,0.2,exponential,,sqrt,28,95
1165,1166,"a, n, sinI",1.000,0.932,0.932,0.931,0.2,exponential,,sqrt,42,95
1166,1167,"a, n, sinI",1.000,0.932,0.932,0.931,0.2,exponential,8.0,sqrt,12,95
1167,1168,"a, n, sinI",1.000,0.932,0.932,0.931,0.2,exponential,8.0,sqrt,40,55
1168,1169,"a, n, sinI",1.000,0.938,0.924,0.931,0.2,exponential,8.0,sqrt,54,55
1169,1170,"a, n, sinI",1.000,0.931,0.932,0.931,0.2,exponential,8.0,sqrt,41,55
1170,1171,"a, n, sinI",1.000,0.938,0.924,0.931,0.2,exponential,,sqrt,50,95
1171,1172,"a, e, n, sinI",1.000,0.947,0.917,0.929,0.2,exponential,8.0,sqrt,4,55
1172,1173,"a, n, sinI",1.000,0.918,0.940,0.928,0.2,exponential,8.0,sqrt,8,95
1173,1174,"a, n, sinI",1.000,0.918,0.940,0.928,0.2,exponential,8.0,sqrt,48,95
1174,1175,"a, n, sinI",1.000,0.924,0.932,0.928,0.2,exponential,,sqrt,54,95
1175,1176,"a, n, sinI",1.000,0.925,0.932,0.928,0.2,exponential,,sqrt,13,55
1176,1177,"a, n, sinI",1.000,0.925,0.932,0.928,0.2,exponential,,sqrt,13,95
1177,1178,"a, n, sinI",1.000,0.925,0.932,0.928,0.2,exponential,,sqrt,16,95
1178,1179,"a, n, sinI",1.000,0.931,0.924,0.927,0.2,exponential,,sqrt,52,55
1179,1180,"a, n, sinI",1.000,0.918,0.932,0.924,0.2,exponential,,sqrt,10,95
