,Rank,Features,Accuracy,Precision,Recall,F1 score,Class_weight,Max_depth,Max_features,Min_samples_split,N_estimators
0,1,"a, e, n, sinI",1.000,0.958,0.962,0.958,,,sqrt,3,6
1,2,"a, e, n, sinI",1.000,0.950,0.970,0.958,balanced,,sqrt,3,29
2,3,"a, e, n, sinI",1.000,0.950,0.970,0.958,balanced,,sqrt,3,30
3,4,"a, e, n, sinI",1.000,0.950,0.970,0.958,balanced,,sqrt,3,31
4,5,"a, e, n, sinI",1.000,0.950,0.970,0.958,balanced,,sqrt,3,32
5,6,"a, e, n, sinI",1.000,0.950,0.970,0.958,balanced,,sqrt,3,33
6,7,"a, e, n, sinI",1.000,0.950,0.970,0.958,balanced,,sqrt,3,34
7,8,"a, e, n, sinI",1.000,0.950,0.970,0.958,balanced,,sqrt,3,35
8,9,"a, e, n, sinI",1.000,0.950,0.970,0.958,balanced,,sqrt,3,36
9,10,"a, e, n, sinI",1.000,0.950,0.970,0.958,balanced,,sqrt,3,37
10,11,"a, e, n, sinI",1.000,0.950,0.970,0.958,balanced,,sqrt,3,38
11,12,"a, e, n, sinI",1.000,0.950,0.970,0.958,balanced,,sqrt,3,39
12,13,"a, e, n, sinI",1.000,0.950,0.970,0.958,balanced,,sqrt,3,40
13,14,"a, e, n, sinI",1.000,0.950,0.970,0.958,balanced,,sqrt,3,41
14,15,"a, e, n, sinI",1.000,0.950,0.970,0.958,balanced,,sqrt,3,42
15,16,"a, e, n, sinI",1.000,0.950,0.970,0.958,balanced,,sqrt,3,43
16,17,"a, e, n, sinI",1.000,0.950,0.970,0.958,balanced,,sqrt,3,44
17,18,"a, e, n, sinI",1.000,0.950,0.970,0.958,balanced,,sqrt,3,45
18,19,"a, e, n, sinI",1.000,0.950,0.970,0.958,balanced,,sqrt,3,46
19,20,"a, e, n, sinI",1.000,0.950,0.970,0.958,balanced,,sqrt,3,47
20,21,"a, e, n, sinI",1.000,0.950,0.970,0.958,balanced,,sqrt,3,48
21,22,"a, e, n, sinI",1.000,0.950,0.970,0.958,balanced,,sqrt,3,49
22,23,"a, e, n, sinI",1.000,0.950,0.970,0.958,balanced,,sqrt,3,50
23,24,"a, e, n, sinI",1.000,0.950,0.970,0.958,balanced,,sqrt,3,51
24,25,"a, e, n, sinI",1.000,0.950,0.970,0.958,balanced,,sqrt,3,52
25,26,"a, e, n, sinI",1.000,0.950,0.970,0.958,balanced,,sqrt,3,53
26,27,"a, e, n, sinI",1.000,0.950,0.970,0.958,balanced,,sqrt,3,54
27,28,"a, e, n, sinI",1.000,0.950,0.970,0.958,balanced,,sqrt,3,55
28,29,"a, e, n, sinI",1.000,0.950,0.970,0.958,balanced,,sqrt,3,56
29,30,"a, e, n, sinI",1.000,0.950,0.970,0.958,balanced,,sqrt,3,57
30,31,"a, e, n, sinI",1.000,0.950,0.970,0.958,balanced,,sqrt,3,58
31,32,"a, e, n, sinI",1.000,0.950,0.970,0.958,balanced,,sqrt,3,59
32,33,"a, e, n, sinI",1.000,0.950,0.970,0.958,balanced,,sqrt,3,60
33,34,"a, e, n, sinI",1.000,0.950,0.970,0.958,balanced,,sqrt,3,61
34,35,"a, e, n, sinI",1.000,0.950,0.970,0.958,balanced,,sqrt,3,62
35,36,"a, e, n, sinI",1.000,0.950,0.970,0.958,balanced,,sqrt,3,63
36,37,"a, e, n, sinI",1.000,0.950,0.970,0.958,balanced,,sqrt,3,64
37,38,"a, e, n, sinI",1.000,0.950,0.970,0.958,balanced,,sqrt,3,65
38,39,"a, e, n, sinI",1.000,0.950,0.970,0.958,balanced,,sqrt,3,66
39,40,"a, e, n, sinI",1.000,0.950,0.970,0.958,balanced,,sqrt,3,67
40,41,"a, e, n, sinI",1.000,0.950,0.970,0.958,balanced,,sqrt,3,68
41,42,"a, e, n, sinI",1.000,0.950,0.970,0.958,balanced,,sqrt,3,69
42,43,"a, e, n, sinI",1.000,0.950,0.970,0.958,balanced,,sqrt,3,70
43,44,"a, e, n, sinI",1.000,0.950,0.970,0.958,balanced,,sqrt,3,71
44,45,"a, e, n, sinI",1.000,0.950,0.970,0.958,balanced,,sqrt,3,72
45,46,"a, e, n, sinI",1.000,0.950,0.970,0.958,balanced,,sqrt,3,73
46,47,"a, e, n, sinI",1.000,0.950,0.970,0.958,balanced,,sqrt,3,74
47,48,"a, e, n, sinI",1.000,0.950,0.970,0.958,balanced,,sqrt,3,75
48,49,"a, e, n, sinI",1.000,0.950,0.970,0.958,balanced,,sqrt,3,76
49,50,"a, e, n, sinI",1.000,0.950,0.970,0.958,balanced,,sqrt,3,77
50,51,"a, e, n, sinI",1.000,0.950,0.970,0.958,balanced,,sqrt,3,78
51,52,"a, e, n, sinI",1.000,0.950,0.970,0.958,balanced,,sqrt,3,79
52,53,"a, e, n, sinI",1.000,0.950,0.970,0.958,balanced,,sqrt,3,80
53,54,"a, e, n, sinI",1.000,0.950,0.970,0.958,balanced,,sqrt,3,81
54,55,"a, e, n, sinI",1.000,0.950,0.970,0.958,balanced,,sqrt,3,82
55,56,"a, e, n, sinI",1.000,0.950,0.970,0.958,balanced,,sqrt,3,83
56,57,"a, e, n, sinI",1.000,0.950,0.970,0.958,balanced,,sqrt,3,84
57,58,"a, e, n, sinI",1.000,0.950,0.970,0.958,balanced,,sqrt,3,85
58,59,"a, e, n, sinI",1.000,0.950,0.970,0.958,balanced,,sqrt,3,86
59,60,"a, e, n, sinI",1.000,0.950,0.970,0.958,balanced,,sqrt,3,87
60,61,"a, e, n, sinI",1.000,0.950,0.970,0.958,balanced,,sqrt,3,88
61,62,"a, e, n, sinI",1.000,0.950,0.970,0.958,balanced,,sqrt,3,89
62,63,"a, e, n, sinI",1.000,0.950,0.970,0.958,balanced,,sqrt,3,90
63,64,"a, e, n, sinI",1.000,0.950,0.970,0.958,balanced,,sqrt,3,91
64,65,"a, e, n, sinI",1.000,0.950,0.970,0.958,balanced,,sqrt,3,92
65,66,"a, e, n, sinI",1.000,0.950,0.970,0.958,balanced,,sqrt,3,93
66,67,"a, e, n, sinI",1.000,0.950,0.970,0.958,balanced,,sqrt,3,94
67,68,"a, e, n, sinI",1.000,0.950,0.970,0.958,balanced,,sqrt,3,95
68,69,"a, e, n, sinI",1.000,0.950,0.970,0.958,balanced,,sqrt,3,96
69,70,"a, e, n, sinI",1.000,0.950,0.970,0.958,balanced,,sqrt,3,97
70,71,"a, e, n, sinI",1.000,0.950,0.970,0.958,balanced,,sqrt,3,98
71,72,"a, e, n, sinI",1.000,0.950,0.970,0.958,balanced,,sqrt,3,99
72,73,"a, e, n, sinI",1.000,0.950,0.970,0.958,balanced,,sqrt,3,100
73,74,"a, e, n, sinI",1.000,0.950,0.970,0.958,balanced,7.0,sqrt,3,30
74,75,"a, e, n, sinI",1.000,0.950,0.970,0.958,balanced,7.0,sqrt,3,46
75,76,"a, e, n, sinI",1.000,0.950,0.970,0.958,balanced,7.0,sqrt,3,50
76,77,"a, e, n, sinI",1.000,0.950,0.970,0.958,balanced,7.0,sqrt,3,52
77,78,"a, e, n, sinI",1.000,0.950,0.970,0.958,balanced,7.0,sqrt,3,53
78,79,"a, e, n, sinI",1.000,0.950,0.970,0.958,balanced,7.0,sqrt,3,54
79,80,"a, e, n, sinI",1.000,0.950,0.970,0.958,balanced,7.0,sqrt,3,55
80,81,"a, e, n, sinI",1.000,0.950,0.970,0.958,balanced,7.0,sqrt,3,56
81,82,"a, e, n, sinI",1.000,0.950,0.970,0.958,balanced,7.0,sqrt,3,57
82,83,"a, e, n, sinI",1.000,0.950,0.970,0.958,balanced,7.0,sqrt,3,58
83,84,"a, e, n, sinI",1.000,0.950,0.970,0.958,balanced,7.0,sqrt,3,59
84,85,"a, e, n, sinI",1.000,0.950,0.970,0.958,balanced,7.0,sqrt,3,60
85,86,"a, e, n, sinI",1.000,0.950,0.970,0.958,balanced,7.0,sqrt,3,61
86,87,"a, e, n, sinI",1.000,0.950,0.970,0.958,balanced,7.0,sqrt,3,62
87,88,"a, e, n, sinI",1.000,0.950,0.970,0.958,balanced,7.0,sqrt,3,63
88,89,"a, e, n, sinI",1.000,0.950,0.970,0.958,balanced,7.0,sqrt,3,64
89,90,"a, e, n, sinI",1.000,0.950,0.970,0.958,balanced,7.0,sqrt,3,65
90,91,"a, e, n, sinI",1.000,0.950,0.970,0.958,balanced,7.0,sqrt,3,66
91,92,"a, e, n, sinI",1.000,0.950,0.970,0.958,balanced,7.0,sqrt,3,67
92,93,"a, e, n, sinI",1.000,0.950,0.970,0.958,balanced,7.0,sqrt,3,68
93,94,"a, e, n, sinI",1.000,0.950,0.970,0.958,balanced,7.0,sqrt,3,69
94,95,"a, e, n, sinI",1.000,0.950,0.970,0.958,balanced,7.0,sqrt,3,70
95,96,"a, e, n, sinI",1.000,0.950,0.970,0.958,balanced,7.0,sqrt,3,71
96,97,"a, e, n, sinI",1.000,0.950,0.970,0.958,balanced,7.0,sqrt,3,72
97,98,"a, e, n, sinI",1.000,0.950,0.970,0.958,balanced,7.0,sqrt,3,73
98,99,"a, e, n, sinI",1.000,0.950,0.970,0.958,balanced,7.0,sqrt,3,74
99,100,"a, e, n, sinI",1.000,0.950,0.970,0.958,balanced,7.0,sqrt,3,75
100,101,"a, e, n, sinI",1.000,0.950,0.970,0.958,balanced,7.0,sqrt,3,76
101,102,"a, e, n, sinI",1.000,0.950,0.970,0.958,balanced,7.0,sqrt,3,77
102,103,"a, e, n, sinI",1.000,0.950,0.970,0.958,balanced,7.0,sqrt,3,78
103,104,"a, e, n, sinI",1.000,0.950,0.970,0.958,balanced,7.0,sqrt,3,79
104,105,"a, e, n, sinI",1.000,0.950,0.970,0.958,balanced,7.0,sqrt,3,80
105,106,"a, e, n, sinI",1.000,0.950,0.970,0.958,balanced,7.0,sqrt,3,81
106,107,"a, e, n, sinI",1.000,0.950,0.970,0.958,balanced,7.0,sqrt,3,82
107,108,"a, e, n, sinI",1.000,0.950,0.970,0.958,balanced,7.0,sqrt,3,83
108,109,"a, e, n, sinI",1.000,0.950,0.970,0.958,balanced,7.0,sqrt,3,84
109,110,"a, e, n, sinI",1.000,0.950,0.970,0.958,balanced,7.0,sqrt,3,85
110,111,"a, e, n, sinI",1.000,0.950,0.970,0.958,balanced,7.0,sqrt,3,86
111,112,"a, e, n, sinI",1.000,0.950,0.970,0.958,balanced,7.0,sqrt,3,87
112,113,"a, e, n, sinI",1.000,0.950,0.970,0.958,balanced,7.0,sqrt,3,88
113,114,"a, e, n, sinI",1.000,0.950,0.970,0.958,balanced,7.0,sqrt,3,89
114,115,"a, e, n, sinI",1.000,0.950,0.970,0.958,balanced,7.0,sqrt,3,90
115,116,"a, e, n, sinI",1.000,0.950,0.970,0.958,balanced,7.0,sqrt,3,91
116,117,"a, e, n, sinI",1.000,0.950,0.970,0.958,balanced,7.0,sqrt,3,92
117,118,"a, e, n, sinI",1.000,0.950,0.970,0.958,balanced,7.0,sqrt,3,93
118,119,"a, e, n, sinI",1.000,0.950,0.970,0.958,balanced,7.0,sqrt,3,94
119,120,"a, e, n, sinI",1.000,0.950,0.970,0.958,balanced,7.0,sqrt,3,95
120,121,"a, e, n, sinI",1.000,0.950,0.970,0.958,balanced,7.0,sqrt,3,96
121,122,"a, e, n, sinI",1.000,0.950,0.970,0.958,balanced,7.0,sqrt,3,97
122,123,"a, e, n, sinI",1.000,0.950,0.970,0.958,balanced,7.0,sqrt,3,98
123,124,"a, e, n, sinI",1.000,0.950,0.970,0.958,balanced,7.0,sqrt,3,99
124,125,"a, e, n, sinI",1.000,0.950,0.970,0.958,balanced,7.0,sqrt,3,100
125,126,"a, e, n, sinI",1.000,0.937,0.978,0.955,balanced,7.0,sqrt,3,3
126,127,"a, e, n, sinI",1.000,0.944,0.970,0.955,,3.0,sqrt,3,12
127,128,"a, e, n, sinI",1.000,0.944,0.970,0.955,,3.0,sqrt,3,18
128,129,"a, e, n, sinI",1.000,0.944,0.970,0.955,,3.0,sqrt,3,20
129,130,"a, e, n, sinI",1.000,0.944,0.970,0.955,,3.0,sqrt,3,21
130,131,"a, e, n, sinI",1.000,0.944,0.970,0.955,,3.0,sqrt,3,24
131,132,"a, e, n, sinI",1.000,0.944,0.970,0.955,,3.0,sqrt,3,27
132,133,"a, e, n, sinI",1.000,0.943,0.970,0.955,balanced,7.0,sqrt,3,31
133,134,"a, e, n, sinI",1.000,0.943,0.970,0.955,balanced,7.0,sqrt,3,32
134,135,"a, e, n, sinI",1.000,0.943,0.970,0.955,balanced,7.0,sqrt,3,36
135,136,"a, e, n, sinI",1.000,0.943,0.970,0.955,balanced,7.0,sqrt,3,37
136,137,"a, e, n, sinI",1.000,0.943,0.970,0.955,balanced,7.0,sqrt,3,38
137,138,"a, e, n, sinI",1.000,0.943,0.970,0.955,balanced,7.0,sqrt,3,39
138,139,"a, e, n, sinI",1.000,0.943,0.970,0.955,balanced,7.0,sqrt,3,40
139,140,"a, e, n, sinI",1.000,0.943,0.970,0.955,balanced,7.0,sqrt,3,44
140,141,"a, e, n, sinI",1.000,0.943,0.970,0.955,balanced,7.0,sqrt,3,45
141,142,"a, e, n, sinI",1.000,0.943,0.970,0.955,balanced,7.0,sqrt,3,47
142,143,"a, e, n, sinI",1.000,0.943,0.970,0.955,balanced,7.0,sqrt,3,48
143,144,"a, e, n, sinI",1.000,0.943,0.970,0.955,balanced,7.0,sqrt,3,49
144,145,"a, e, n, sinI",1.000,0.943,0.970,0.955,balanced,7.0,sqrt,3,51
145,146,"a, e, n, sinI",1.000,0.943,0.970,0.955,,,sqrt,3,3
146,147,"a, e, n, sinI",1.000,0.950,0.962,0.954,,7.0,sqrt,3,6
147,148,"a, e, n, sinI",1.000,0.949,0.962,0.954,,,sqrt,3,5
148,149,"a, e, n, sinI",1.000,0.949,0.962,0.954,,,sqrt,3,7
149,150,"a, e, n, sinI",1.000,0.949,0.962,0.954,,,sqrt,3,9
150,151,"a, e, n, sinI",1.000,0.949,0.962,0.954,,7.0,sqrt,3,7
151,152,"a, e, n, sinI",1.000,0.949,0.962,0.954,,7.0,sqrt,3,9
152,153,"a, e, n, sinI",1.000,0.949,0.963,0.954,balanced,7.0,sqrt,3,4
153,154,"a, e, n, sinI",1.000,0.956,0.955,0.954,,,sqrt,3,64
154,155,"a, e, n, sinI",1.000,0.956,0.955,0.954,,7.0,sqrt,3,69
155,156,"a, e, n, sinI",1.000,0.950,0.963,0.954,balanced,,sqrt,3,18
156,157,"a, e, n, sinI",1.000,0.950,0.963,0.954,balanced,,sqrt,3,19
157,158,"a, e, n, sinI",1.000,0.950,0.963,0.954,balanced,,sqrt,3,20
158,159,"a, e, n, sinI",1.000,0.950,0.963,0.954,balanced,,sqrt,3,21
159,160,"a, e, n, sinI",1.000,0.950,0.963,0.954,balanced,,sqrt,3,22
160,161,"a, e, n, sinI",1.000,0.950,0.963,0.954,balanced,,sqrt,3,28
161,162,"a, e, n, sinI",1.000,0.956,0.955,0.953,,7.0,sqrt,3,14
162,163,"a, e, n, sinI",1.000,0.928,0.978,0.951,balanced,,sqrt,3,5
163,164,"a, e, n, sinI",1.000,0.936,0.970,0.951,,3.0,sqrt,3,13
164,165,"a, e, n, sinI",1.000,0.936,0.970,0.951,,3.0,sqrt,3,14
165,166,"a, e, n, sinI",1.000,0.936,0.970,0.951,,3.0,sqrt,3,17
166,167,"a, e, n, sinI",1.000,0.936,0.970,0.951,,3.0,sqrt,3,19
167,168,"a, e, n, sinI",1.000,0.935,0.970,0.951,,3.0,sqrt,3,7
168,169,"a, e, n, sinI",1.000,0.935,0.970,0.951,,3.0,sqrt,3,8
169,170,"a, e, n, sinI",1.000,0.943,0.962,0.951,,3.0,sqrt,3,22
170,171,"a, e, n, sinI",1.000,0.943,0.962,0.951,,3.0,sqrt,3,23
171,172,"a, e, n, sinI",1.000,0.943,0.962,0.951,,3.0,sqrt,3,25
172,173,"a, e, n, sinI",1.000,0.943,0.962,0.951,,3.0,sqrt,3,26
173,174,"a, e, n, sinI",1.000,0.943,0.962,0.951,,3.0,sqrt,3,28
174,175,"a, e, n, sinI",1.000,0.943,0.962,0.951,,3.0,sqrt,3,29
175,176,"a, e, n, sinI",1.000,0.943,0.962,0.951,,3.0,sqrt,3,30
176,177,"a, e, n, sinI",1.000,0.937,0.970,0.951,balanced,7.0,sqrt,3,29
177,178,"a, e, n, sinI",1.000,0.937,0.970,0.951,balanced,7.0,sqrt,3,33
178,179,"a, e, n, sinI",1.000,0.937,0.970,0.951,balanced,7.0,sqrt,3,34
179,180,"a, e, n, sinI",1.000,0.937,0.970,0.951,balanced,7.0,sqrt,3,35
180,181,"a, e, n, sinI",1.000,0.937,0.970,0.951,balanced,7.0,sqrt,3,41
181,182,"a, e, n, sinI",1.000,0.937,0.970,0.951,balanced,7.0,sqrt,3,42
182,183,"a, e, n, sinI",1.000,0.937,0.970,0.951,balanced,7.0,sqrt,3,43
183,184,"a, e, n, sinI",1.000,0.934,0.970,0.951,balanced,7.0,sqrt,3,6
184,185,"a, e, n, sinI",1.000,0.934,0.970,0.951,balanced,7.0,sqrt,3,7
185,186,"a, e, n, sinI",1.000,0.936,0.970,0.951,balanced,3.0,sqrt,3,2
186,187,"a, e, n, sinI",1.000,0.935,0.970,0.951,balanced,,sqrt,3,6
187,188,"a, e, n, sinI",1.000,0.935,0.970,0.951,balanced,,sqrt,3,7
188,189,"a, e, n, sinI",1.000,0.944,0.963,0.951,,3.0,sqrt,3,10
189,190,"a, e, n, sinI",1.000,0.944,0.963,0.951,,3.0,sqrt,3,16
190,191,"a, e, n, sinI",1.000,0.942,0.962,0.951,,7.0,sqrt,3,5
191,192,"a, e, n, sinI",1.000,0.948,0.955,0.950,,7.0,sqrt,3,64
192,193,"a, e, n, sinI",1.000,0.949,0.955,0.950,,3.0,sqrt,3,2
193,194,"a, e, n, sinI",1.000,0.943,0.963,0.950,balanced,,sqrt,3,17
194,195,"a, e, n, sinI",1.000,0.943,0.963,0.950,balanced,7.0,sqrt,3,17
195,196,"a, e, n, sinI",1.000,0.943,0.963,0.950,balanced,7.0,sqrt,3,18
196,197,"a, e, n, sinI",1.000,0.943,0.963,0.950,balanced,7.0,sqrt,3,20
197,198,"a, e, n, sinI",1.000,0.943,0.963,0.950,balanced,7.0,sqrt,3,22
198,199,"a, e, n, sinI",1.000,0.943,0.963,0.950,balanced,7.0,sqrt,3,24
199,200,"a, e, n, sinI",1.000,0.943,0.963,0.950,balanced,7.0,sqrt,3,26
200,201,"a, e, n, sinI",1.000,0.943,0.963,0.950,balanced,7.0,sqrt,3,27
201,202,"a, e, n, sinI",1.000,0.943,0.963,0.950,balanced,7.0,sqrt,3,28
202,203,"a, e, n, sinI",1.000,0.949,0.955,0.950,,,sqrt,3,8
203,204,"a, e, n, sinI",1.000,0.949,0.955,0.950,,7.0,sqrt,3,8
204,205,"a, e, n, sinI",1.000,0.949,0.955,0.950,,7.0,sqrt,3,62
205,206,"a, e, n, sinI",1.000,0.949,0.955,0.950,,7.0,sqrt,3,67
206,207,"a, e, n, sinI",1.000,0.949,0.955,0.950,,7.0,sqrt,3,68
207,208,"a, e, n, sinI",1.000,0.949,0.955,0.950,,7.0,sqrt,3,70
208,209,"a, e, n, sinI",1.000,0.949,0.955,0.950,,7.0,sqrt,3,71
209,210,"a, e, n, sinI",1.000,0.949,0.955,0.950,,7.0,sqrt,3,72
210,211,"a, e, n, sinI",1.000,0.949,0.955,0.950,,7.0,sqrt,3,73
211,212,"a, e, n, sinI",1.000,0.949,0.955,0.950,,7.0,sqrt,3,75
212,213,"a, e, n, sinI",1.000,0.949,0.955,0.950,,7.0,sqrt,3,79
213,214,"a, e, n, sinI",1.000,0.949,0.955,0.950,,7.0,sqrt,3,89
214,215,"a, e, n, sinI",1.000,0.949,0.955,0.950,,7.0,sqrt,3,90
215,216,"a, e, n, sinI",1.000,0.949,0.955,0.950,,7.0,sqrt,3,91
216,217,"a, e, n, sinI",1.000,0.949,0.955,0.950,,7.0,sqrt,3,92
217,218,"a, e, n, sinI",1.000,0.949,0.955,0.950,,7.0,sqrt,3,93
218,219,"a, e, n, sinI",1.000,0.949,0.955,0.950,,7.0,sqrt,3,94
219,220,"a, e, n, sinI",1.000,0.949,0.955,0.950,,7.0,sqrt,3,95
220,221,"a, e, n, sinI",1.000,0.943,0.963,0.950,balanced,,sqrt,3,23
221,222,"a, e, n, sinI",1.000,0.943,0.963,0.950,balanced,,sqrt,3,24
222,223,"a, e, n, sinI",1.000,0.943,0.963,0.950,balanced,,sqrt,3,25
223,224,"a, e, n, sinI",1.000,0.943,0.963,0.950,balanced,,sqrt,3,26
224,225,"a, e, n, sinI",1.000,0.943,0.963,0.950,balanced,,sqrt,3,27
225,226,"a, e, n, sinI",1.000,0.950,0.955,0.950,,7.0,sqrt,3,20
226,227,"a, e, n, sinI",1.000,0.956,0.947,0.950,,,sqrt,3,65
227,228,"a, e, n, sinI",1.000,0.956,0.947,0.950,,,sqrt,3,66
228,229,"a, e, n, sinI",1.000,0.956,0.947,0.950,,,sqrt,3,67
229,230,"a, e, n, sinI",1.000,0.956,0.947,0.950,,,sqrt,3,68
230,231,"a, e, n, sinI",1.000,0.956,0.947,0.950,,,sqrt,3,69
231,232,"a, e, n, sinI",1.000,0.956,0.947,0.950,,,sqrt,3,70
232,233,"a, e, n, sinI",1.000,0.956,0.947,0.950,,,sqrt,3,71
233,234,"a, e, n, sinI",1.000,0.956,0.947,0.950,,,sqrt,3,72
234,235,"a, e, n, sinI",1.000,0.956,0.947,0.950,,,sqrt,3,73
235,236,"a, e, n, sinI",1.000,0.956,0.947,0.950,,,sqrt,3,75
236,237,"a, e, n, sinI",1.000,0.956,0.947,0.950,,7.0,sqrt,3,63
237,238,"a, e, n, sinI",1.000,0.956,0.947,0.949,,,sqrt,3,4
238,239,"a, e, n, sinI",1.000,0.956,0.948,0.949,,,sqrt,3,14
239,240,"a, e, n, sinI",1.000,0.956,0.948,0.949,,,sqrt,3,12
240,241,"a, e, n, sinI",1.000,0.917,0.985,0.949,balanced,3.0,sqrt,3,12
241,242,"a, e, n, sinI",1.000,0.921,0.978,0.948,balanced,7.0,sqrt,3,5
242,243,"a, e, n, sinI",1.000,0.928,0.970,0.948,,3.0,sqrt,3,9
243,244,"a, e, n, sinI",1.000,0.927,0.970,0.947,balanced,7.0,sqrt,3,9
244,245,"a, e, n, sinI",1.000,0.936,0.962,0.947,,3.0,sqrt,3,31
245,246,"a, e, n, sinI",1.000,0.930,0.970,0.947,balanced,,sqrt,3,3
246,247,"a, e, n, sinI",1.000,0.928,0.970,0.947,balanced,,sqrt,3,9
247,248,"a, e, n, sinI",1.000,0.936,0.963,0.947,,3.0,sqrt,3,11
248,249,"a, e, n, sinI",1.000,0.936,0.963,0.947,,3.0,sqrt,3,15
249,250,"a, e, n, sinI",1.000,0.933,0.963,0.947,balanced,7.0,sqrt,3,8
250,251,"a, e, n, sinI",1.000,0.943,0.955,0.947,,3.0,sqrt,3,32
251,252,"a, e, n, sinI",1.000,0.943,0.955,0.947,,3.0,sqrt,3,33
252,253,"a, e, n, sinI",1.000,0.943,0.955,0.947,,3.0,sqrt,3,34
253,254,"a, e, n, sinI",1.000,0.943,0.955,0.947,,3.0,sqrt,3,35
254,255,"a, e, n, sinI",1.000,0.943,0.955,0.947,,3.0,sqrt,3,36
255,256,"a, e, n, sinI",1.000,0.943,0.955,0.947,,3.0,sqrt,3,41
256,257,"a, e, n, sinI",1.000,0.943,0.955,0.947,,3.0,sqrt,3,42
257,258,"a, e, n, sinI",1.000,0.943,0.955,0.947,,3.0,sqrt,3,43
258,259,"a, e, n, sinI",1.000,0.943,0.955,0.947,,3.0,sqrt,3,44
259,260,"a, e, n, sinI",1.000,0.943,0.955,0.947,,3.0,sqrt,3,83
260,261,"a, e, n, sinI",1.000,0.934,0.963,0.947,balanced,,sqrt,3,8
261,262,"a, e, n, sinI",1.000,0.937,0.963,0.947,balanced,7.0,sqrt,3,19
262,263,"a, e, n, sinI",1.000,0.937,0.963,0.947,balanced,7.0,sqrt,3,21
263,264,"a, e, n, sinI",1.000,0.937,0.963,0.947,balanced,7.0,sqrt,3,23
264,265,"a, e, n, sinI",1.000,0.936,0.963,0.946,balanced,7.0,sqrt,3,25
265,266,"a, e, n, sinI",1.000,0.949,0.947,0.946,,,sqrt,3,59
266,267,"a, e, n, sinI",1.000,0.949,0.947,0.946,,,sqrt,3,62
267,268,"a, e, n, sinI",1.000,0.949,0.947,0.946,,,sqrt,3,63
268,269,"a, e, n, sinI",1.000,0.943,0.955,0.946,balanced,,sqrt,3,13
269,270,"a, e, n, sinI",1.000,0.943,0.955,0.946,balanced,,sqrt,3,14
270,271,"a, e, n, sinI",1.000,0.943,0.955,0.946,balanced,,sqrt,3,15
271,272,"a, e, n, sinI",1.000,0.943,0.955,0.946,balanced,,sqrt,3,16
272,273,"a, e, n, sinI",1.000,0.943,0.955,0.946,balanced,7.0,sqrt,3,10
273,274,"a, e, n, sinI",1.000,0.943,0.955,0.946,balanced,7.0,sqrt,3,13
274,275,"a, e, n, sinI",1.000,0.943,0.955,0.946,balanced,7.0,sqrt,3,14
275,276,"a, e, n, sinI",1.000,0.943,0.955,0.946,balanced,7.0,sqrt,3,15
276,277,"a, e, n, sinI",1.000,0.943,0.955,0.946,balanced,7.0,sqrt,3,16
277,278,"a, e, n, sinI",1.000,0.948,0.947,0.946,,,sqrt,3,77
278,279,"a, e, n, sinI",1.000,0.948,0.947,0.946,,,sqrt,3,79
279,280,"a, e, n, sinI",1.000,0.948,0.947,0.946,,,sqrt,3,85
280,281,"a, e, n, sinI",1.000,0.948,0.947,0.946,,,sqrt,3,86
281,282,"a, e, n, sinI",1.000,0.948,0.947,0.946,,,sqrt,3,87
282,283,"a, e, n, sinI",1.000,0.948,0.947,0.946,,,sqrt,3,88
283,284,"a, e, n, sinI",1.000,0.948,0.947,0.946,,,sqrt,3,89
284,285,"a, e, n, sinI",1.000,0.948,0.947,0.946,,,sqrt,3,90
285,286,"a, e, n, sinI",1.000,0.948,0.947,0.946,,,sqrt,3,91
286,287,"a, e, n, sinI",1.000,0.948,0.947,0.946,,,sqrt,3,92
287,288,"a, e, n, sinI",1.000,0.948,0.947,0.946,,,sqrt,3,93
288,289,"a, e, n, sinI",1.000,0.948,0.947,0.946,,,sqrt,3,94
289,290,"a, e, n, sinI",1.000,0.948,0.947,0.946,,,sqrt,3,95
290,291,"a, e, n, sinI",1.000,0.948,0.947,0.946,,,sqrt,3,96
291,292,"a, e, n, sinI",1.000,0.948,0.947,0.946,,,sqrt,3,97
292,293,"a, e, n, sinI",1.000,0.948,0.947,0.946,,7.0,sqrt,3,65
293,294,"a, e, n, sinI",1.000,0.948,0.947,0.946,,7.0,sqrt,3,66
294,295,"a, e, n, sinI",1.000,0.948,0.947,0.946,,7.0,sqrt,3,77
295,296,"a, e, n, sinI",1.000,0.948,0.947,0.946,,7.0,sqrt,3,85
296,297,"a, e, n, sinI",1.000,0.948,0.947,0.946,,7.0,sqrt,3,86
297,298,"a, e, n, sinI",1.000,0.948,0.947,0.946,,7.0,sqrt,3,87
298,299,"a, e, n, sinI",1.000,0.948,0.947,0.946,,7.0,sqrt,3,88
299,300,"a, e, n, sinI",1.000,0.948,0.947,0.946,,7.0,sqrt,3,96
300,301,"a, e, n, sinI",1.000,0.948,0.947,0.946,,7.0,sqrt,3,97
301,302,"a, e, n, sinI",1.000,0.948,0.947,0.946,,7.0,sqrt,3,98
302,303,"a, e, n, sinI",1.000,0.948,0.947,0.946,,7.0,sqrt,3,99
303,304,"a, e, n, sinI",1.000,0.905,0.993,0.946,balanced,3.0,sqrt,3,13
304,305,"a, e, n, sinI",1.000,0.905,0.993,0.946,balanced,3.0,sqrt,3,15
305,306,"a, e, n, sinI",1.000,0.949,0.947,0.946,,7.0,sqrt,3,4
306,307,"a, e, n, sinI",1.000,0.950,0.948,0.946,,,sqrt,3,29
307,308,"a, e, n, sinI",1.000,0.950,0.948,0.946,,,sqrt,3,33
308,309,"a, e, n, sinI",1.000,0.950,0.948,0.946,,,sqrt,3,34
309,310,"a, e, n, sinI",1.000,0.950,0.948,0.946,,,sqrt,3,35
310,311,"a, e, n, sinI",1.000,0.950,0.948,0.946,,7.0,sqrt,3,15
311,312,"a, e, n, sinI",1.000,0.950,0.948,0.946,,7.0,sqrt,3,16
312,313,"a, e, n, sinI",1.000,0.950,0.948,0.946,,7.0,sqrt,3,17
313,314,"a, e, n, sinI",1.000,0.950,0.948,0.946,,7.0,sqrt,3,18
314,315,"a, e, n, sinI",1.000,0.950,0.948,0.946,,7.0,sqrt,3,21
315,316,"a, e, n, sinI",1.000,0.904,0.993,0.946,balanced,3.0,sqrt,3,14
316,317,"a, e, n, sinI",1.000,0.949,0.948,0.946,,,sqrt,3,10
317,318,"a, e, n, sinI",1.000,0.949,0.948,0.946,,,sqrt,3,11
318,319,"a, e, n, sinI",1.000,0.949,0.948,0.946,,7.0,sqrt,3,10
319,320,"a, e, n, sinI",1.000,0.949,0.948,0.946,,7.0,sqrt,3,11
320,321,"a, e, n, sinI",1.000,0.949,0.948,0.946,,7.0,sqrt,3,12
321,322,"a, e, n, sinI",1.000,0.949,0.948,0.946,,7.0,sqrt,3,13
322,323,"a, e, n, sinI",1.000,0.949,0.948,0.946,,7.0,sqrt,3,41
323,324,"a, e, n, sinI",1.000,0.949,0.948,0.946,,7.0,sqrt,3,60
324,325,"a, e, n, sinI",1.000,0.949,0.948,0.946,,7.0,sqrt,3,74
325,326,"a, e, n, sinI",1.000,0.912,0.985,0.946,balanced,3.0,sqrt,3,16
326,327,"a, e, n, sinI",1.000,0.956,0.940,0.945,,,sqrt,3,13
327,328,"a, e, n, sinI",1.000,0.956,0.940,0.945,,,sqrt,3,74
328,329,"a, e, n, sinI",1.000,0.956,0.940,0.945,,,sqrt,3,76
329,330,"a, e, n, sinI",1.000,0.956,0.940,0.945,,,sqrt,3,83
330,331,"a, e, n, sinI",1.000,0.936,0.955,0.943,,3.0,sqrt,3,37
331,332,"a, e, n, sinI",1.000,0.936,0.955,0.943,,3.0,sqrt,3,38
332,333,"a, e, n, sinI",1.000,0.936,0.955,0.943,,3.0,sqrt,3,39
333,334,"a, e, n, sinI",1.000,0.936,0.955,0.943,,3.0,sqrt,3,40
334,335,"a, e, n, sinI",1.000,0.936,0.955,0.943,,3.0,sqrt,3,45
335,336,"a, e, n, sinI",1.000,0.936,0.955,0.943,,3.0,sqrt,3,46
336,337,"a, e, n, sinI",1.000,0.936,0.955,0.943,,3.0,sqrt,3,47
337,338,"a, e, n, sinI",1.000,0.936,0.955,0.943,,3.0,sqrt,3,48
338,339,"a, e, n, sinI",1.000,0.936,0.955,0.943,,3.0,sqrt,3,49
339,340,"a, e, n, sinI",1.000,0.936,0.955,0.943,,3.0,sqrt,3,50
340,341,"a, e, n, sinI",1.000,0.936,0.955,0.943,,3.0,sqrt,3,51
341,342,"a, e, n, sinI",1.000,0.936,0.955,0.943,,3.0,sqrt,3,52
342,343,"a, e, n, sinI",1.000,0.936,0.955,0.943,,3.0,sqrt,3,53
343,344,"a, e, n, sinI",1.000,0.936,0.955,0.943,,3.0,sqrt,3,54
344,345,"a, e, n, sinI",1.000,0.936,0.955,0.943,,3.0,sqrt,3,55
345,346,"a, e, n, sinI",1.000,0.936,0.955,0.943,,3.0,sqrt,3,56
346,347,"a, e, n, sinI",1.000,0.936,0.955,0.943,,3.0,sqrt,3,57
347,348,"a, e, n, sinI",1.000,0.936,0.955,0.943,,3.0,sqrt,3,58
348,349,"a, e, n, sinI",1.000,0.936,0.955,0.943,,3.0,sqrt,3,59
349,350,"a, e, n, sinI",1.000,0.936,0.955,0.943,,3.0,sqrt,3,60
350,351,"a, e, n, sinI",1.000,0.936,0.955,0.943,,3.0,sqrt,3,61
351,352,"a, e, n, sinI",1.000,0.936,0.955,0.943,,3.0,sqrt,3,62
352,353,"a, e, n, sinI",1.000,0.936,0.955,0.943,,3.0,sqrt,3,63
353,354,"a, e, n, sinI",1.000,0.936,0.955,0.943,,3.0,sqrt,3,64
354,355,"a, e, n, sinI",1.000,0.936,0.955,0.943,,3.0,sqrt,3,65
355,356,"a, e, n, sinI",1.000,0.936,0.955,0.943,,3.0,sqrt,3,66
356,357,"a, e, n, sinI",1.000,0.936,0.955,0.943,,3.0,sqrt,3,67
357,358,"a, e, n, sinI",1.000,0.936,0.955,0.943,,3.0,sqrt,3,68
358,359,"a, e, n, sinI",1.000,0.936,0.955,0.943,,3.0,sqrt,3,69
359,360,"a, e, n, sinI",1.000,0.936,0.955,0.943,,3.0,sqrt,3,70
360,361,"a, e, n, sinI",1.000,0.936,0.955,0.943,,3.0,sqrt,3,71
361,362,"a, e, n, sinI",1.000,0.936,0.955,0.943,,3.0,sqrt,3,72
362,363,"a, e, n, sinI",1.000,0.936,0.955,0.943,,3.0,sqrt,3,73
363,364,"a, e, n, sinI",1.000,0.936,0.955,0.943,,3.0,sqrt,3,74
364,365,"a, e, n, sinI",1.000,0.936,0.955,0.943,,3.0,sqrt,3,75
365,366,"a, e, n, sinI",1.000,0.936,0.955,0.943,,3.0,sqrt,3,76
366,367,"a, e, n, sinI",1.000,0.936,0.955,0.943,,3.0,sqrt,3,77
367,368,"a, e, n, sinI",1.000,0.936,0.955,0.943,,3.0,sqrt,3,78
368,369,"a, e, n, sinI",1.000,0.936,0.955,0.943,,3.0,sqrt,3,79
369,370,"a, e, n, sinI",1.000,0.936,0.955,0.943,,3.0,sqrt,3,80
370,371,"a, e, n, sinI",1.000,0.936,0.955,0.943,,3.0,sqrt,3,81
371,372,"a, e, n, sinI",1.000,0.936,0.955,0.943,,3.0,sqrt,3,82
372,373,"a, e, n, sinI",1.000,0.936,0.955,0.943,,3.0,sqrt,3,84
373,374,"a, e, n, sinI",1.000,0.936,0.955,0.943,,3.0,sqrt,3,85
374,375,"a, e, n, sinI",1.000,0.936,0.955,0.943,,3.0,sqrt,3,86
375,376,"a, e, n, sinI",1.000,0.936,0.955,0.943,,3.0,sqrt,3,87
376,377,"a, e, n, sinI",1.000,0.936,0.955,0.943,,3.0,sqrt,3,88
377,378,"a, e, n, sinI",1.000,0.936,0.955,0.943,,3.0,sqrt,3,89
378,379,"a, e, n, sinI",1.000,0.936,0.955,0.943,,3.0,sqrt,3,90
379,380,"a, e, n, sinI",1.000,0.936,0.955,0.943,,3.0,sqrt,3,91
380,381,"a, e, n, sinI",1.000,0.936,0.955,0.943,,3.0,sqrt,3,92
381,382,"a, e, n, sinI",1.000,0.936,0.955,0.943,,3.0,sqrt,3,93
382,383,"a, e, n, sinI",1.000,0.936,0.955,0.943,,3.0,sqrt,3,94
383,384,"a, e, n, sinI",1.000,0.936,0.955,0.943,,3.0,sqrt,3,95
384,385,"a, e, n, sinI",1.000,0.936,0.955,0.943,,3.0,sqrt,3,96
385,386,"a, e, n, sinI",1.000,0.936,0.955,0.943,,3.0,sqrt,3,97
386,387,"a, e, n, sinI",1.000,0.936,0.955,0.943,,3.0,sqrt,3,98
387,388,"a, e, n, sinI",1.000,0.936,0.955,0.943,,3.0,sqrt,3,99
388,389,"a, e, n, sinI",1.000,0.936,0.955,0.943,,3.0,sqrt,3,100
389,390,"a, e, n, sinI",1.000,0.937,0.955,0.943,balanced,7.0,sqrt,3,11
390,391,"a, e, n, sinI",1.000,0.942,0.947,0.943,,7.0,sqrt,3,59
391,392,"a, e, n, sinI",1.000,0.936,0.955,0.943,balanced,,sqrt,3,10
392,393,"a, e, n, sinI",1.000,0.936,0.955,0.943,,7.0,sqrt,3,3
393,394,"a, e, n, sinI",1.000,0.941,0.947,0.942,,,sqrt,3,98
394,395,"a, e, n, sinI",1.000,0.941,0.947,0.942,,,sqrt,3,99
395,396,"a, e, n, sinI",1.000,0.941,0.947,0.942,,,sqrt,3,100
396,397,"a, e, n, sinI",1.000,0.941,0.947,0.942,,7.0,sqrt,3,100
397,398,"a, e, n, sinI",1.000,0.898,0.993,0.942,balanced,3.0,sqrt,3,17
398,399,"a, e, n, sinI",1.000,0.942,0.948,0.942,balanced,,sqrt,3,4
399,400,"a, e, n, sinI",1.000,0.942,0.948,0.942,,,sqrt,3,36
400,401,"a, e, n, sinI",1.000,0.942,0.948,0.942,,,sqrt,3,38
401,402,"a, e, n, sinI",1.000,0.942,0.948,0.942,,7.0,sqrt,3,27
402,403,"a, e, n, sinI",1.000,0.942,0.948,0.942,,7.0,sqrt,3,29
403,404,"a, e, n, sinI",1.000,0.942,0.948,0.942,,7.0,sqrt,3,30
404,405,"a, e, n, sinI",1.000,0.942,0.948,0.942,,7.0,sqrt,3,31
405,406,"a, e, n, sinI",1.000,0.942,0.948,0.942,,7.0,sqrt,3,32
406,407,"a, e, n, sinI",1.000,0.942,0.948,0.942,,7.0,sqrt,3,33
407,408,"a, e, n, sinI",1.000,0.942,0.948,0.942,,7.0,sqrt,3,34
408,409,"a, e, n, sinI",1.000,0.942,0.948,0.942,,7.0,sqrt,3,35
409,410,"a, e, n, sinI",1.000,0.942,0.948,0.942,,7.0,sqrt,3,36
410,411,"a, e, n, sinI",1.000,0.942,0.948,0.942,,7.0,sqrt,3,37
411,412,"a, e, n, sinI",1.000,0.942,0.948,0.942,,7.0,sqrt,3,38
412,413,"a, e, n, sinI",1.000,0.942,0.948,0.942,,7.0,sqrt,3,39
413,414,"a, e, n, sinI",1.000,0.942,0.948,0.942,,7.0,sqrt,3,40
414,415,"a, e, n, sinI",1.000,0.942,0.948,0.942,,7.0,sqrt,3,49
415,416,"a, e, n, sinI",1.000,0.942,0.948,0.942,,7.0,sqrt,3,61
416,417,"a, e, n, sinI",1.000,0.943,0.948,0.942,balanced,,sqrt,3,12
417,418,"a, e, n, sinI",1.000,0.943,0.948,0.942,balanced,7.0,sqrt,3,12
418,419,"a, e, n, sinI",1.000,0.943,0.948,0.942,,7.0,sqrt,3,22
419,420,"a, e, n, sinI",1.000,0.943,0.948,0.942,,7.0,sqrt,3,24
420,421,"a, e, n, sinI",1.000,0.949,0.940,0.942,,3.0,sqrt,3,5
421,422,"a, e, n, sinI",1.000,0.949,0.940,0.942,,,sqrt,3,15
422,423,"a, e, n, sinI",1.000,0.949,0.940,0.942,,,sqrt,3,16
423,424,"a, e, n, sinI",1.000,0.949,0.940,0.942,,,sqrt,3,17
424,425,"a, e, n, sinI",1.000,0.949,0.940,0.942,,,sqrt,3,18
425,426,"a, e, n, sinI",1.000,0.949,0.940,0.942,,,sqrt,3,19
426,427,"a, e, n, sinI",1.000,0.949,0.940,0.942,,,sqrt,3,20
427,428,"a, e, n, sinI",1.000,0.949,0.940,0.942,,,sqrt,3,21
428,429,"a, e, n, sinI",1.000,0.949,0.940,0.942,,,sqrt,3,22
429,430,"a, e, n, sinI",1.000,0.949,0.940,0.942,,,sqrt,3,23
430,431,"a, e, n, sinI",1.000,0.949,0.940,0.942,,,sqrt,3,24
431,432,"a, e, n, sinI",1.000,0.949,0.940,0.942,,,sqrt,3,25
432,433,"a, e, n, sinI",1.000,0.949,0.940,0.942,,,sqrt,3,26
433,434,"a, e, n, sinI",1.000,0.949,0.940,0.942,,,sqrt,3,27
434,435,"a, e, n, sinI",1.000,0.949,0.940,0.942,,,sqrt,3,30
435,436,"a, e, n, sinI",1.000,0.949,0.940,0.942,,,sqrt,3,31
436,437,"a, e, n, sinI",1.000,0.949,0.940,0.942,,,sqrt,3,32
437,438,"a, e, n, sinI",1.000,0.949,0.940,0.942,,,sqrt,3,45
438,439,"a, e, n, sinI",1.000,0.949,0.940,0.942,,,sqrt,3,46
439,440,"a, e, n, sinI",1.000,0.949,0.940,0.942,,,sqrt,3,47
440,441,"a, e, n, sinI",1.000,0.949,0.940,0.942,,,sqrt,3,48
441,442,"a, e, n, sinI",1.000,0.949,0.940,0.942,,,sqrt,3,49
442,443,"a, e, n, sinI",1.000,0.949,0.940,0.942,,,sqrt,3,50
443,444,"a, e, n, sinI",1.000,0.949,0.940,0.942,,,sqrt,3,51
444,445,"a, e, n, sinI",1.000,0.949,0.940,0.942,,,sqrt,3,52
445,446,"a, e, n, sinI",1.000,0.949,0.940,0.942,,,sqrt,3,53
446,447,"a, e, n, sinI",1.000,0.949,0.940,0.942,,,sqrt,3,54
447,448,"a, e, n, sinI",1.000,0.949,0.940,0.942,,,sqrt,3,55
448,449,"a, e, n, sinI",1.000,0.949,0.940,0.942,,,sqrt,3,56
449,450,"a, e, n, sinI",1.000,0.949,0.940,0.942,,,sqrt,3,57
450,451,"a, e, n, sinI",1.000,0.949,0.940,0.942,,,sqrt,3,58
451,452,"a, e, n, sinI",1.000,0.949,0.940,0.942,,,sqrt,3,60
452,453,"a, e, n, sinI",1.000,0.949,0.940,0.942,,,sqrt,3,61
453,454,"a, e, n, sinI",1.000,0.949,0.940,0.942,,7.0,sqrt,3,19
454,455,"a, e, n, sinI",1.000,0.948,0.940,0.942,,,sqrt,3,78
455,456,"a, e, n, sinI",1.000,0.948,0.940,0.942,,,sqrt,3,80
456,457,"a, e, n, sinI",1.000,0.948,0.940,0.942,,,sqrt,3,81
457,458,"a, e, n, sinI",1.000,0.948,0.940,0.942,,,sqrt,3,82
458,459,"a, e, n, sinI",1.000,0.948,0.940,0.942,,,sqrt,3,84
459,460,"a, e, n, sinI",1.000,0.948,0.940,0.942,,7.0,sqrt,3,54
460,461,"a, e, n, sinI",1.000,0.948,0.940,0.942,,7.0,sqrt,3,56
461,462,"a, e, n, sinI",1.000,0.948,0.940,0.942,,7.0,sqrt,3,58
462,463,"a, e, n, sinI",1.000,0.948,0.940,0.942,,7.0,sqrt,3,76
463,464,"a, e, n, sinI",1.000,0.948,0.940,0.942,,7.0,sqrt,3,78
464,465,"a, e, n, sinI",1.000,0.948,0.940,0.942,,7.0,sqrt,3,80
465,466,"a, e, n, sinI",1.000,0.948,0.940,0.942,,7.0,sqrt,3,81
466,467,"a, e, n, sinI",1.000,0.948,0.940,0.942,,7.0,sqrt,3,82
467,468,"a, e, n, sinI",1.000,0.948,0.940,0.942,,7.0,sqrt,3,83
468,469,"a, e, n, sinI",1.000,0.948,0.940,0.942,,7.0,sqrt,3,84
469,470,"a, e, n, sinI",1.000,0.909,0.978,0.941,balanced,3.0,sqrt,3,10
470,471,"a, e, n, sinI",1.000,0.930,0.955,0.939,balanced,,sqrt,3,11
471,472,"a, e, n, sinI",1.000,0.891,0.993,0.939,balanced,3.0,sqrt,3,63
472,473,"a, e, n, sinI",1.000,0.891,0.993,0.939,balanced,3.0,sqrt,3,64
473,474,"a, e, n, sinI",1.000,0.891,0.993,0.939,balanced,3.0,sqrt,3,65
474,475,"a, e, n, sinI",1.000,0.891,0.993,0.939,balanced,3.0,sqrt,3,66
475,476,"a, e, n, sinI",1.000,0.891,0.993,0.939,balanced,3.0,sqrt,3,67
476,477,"a, e, n, sinI",1.000,0.891,0.993,0.939,balanced,3.0,sqrt,3,68
477,478,"a, e, n, sinI",1.000,0.891,0.993,0.939,balanced,3.0,sqrt,3,69
478,479,"a, e, n, sinI",1.000,0.891,0.993,0.939,balanced,3.0,sqrt,3,70
479,480,"a, e, n, sinI",1.000,0.891,0.993,0.939,balanced,3.0,sqrt,3,71
480,481,"a, e, n, sinI",1.000,0.891,0.993,0.939,balanced,3.0,sqrt,3,75
481,482,"a, e, n, sinI",1.000,0.891,0.993,0.939,balanced,3.0,sqrt,3,76
482,483,"a, e, n, sinI",1.000,0.891,0.993,0.939,balanced,3.0,sqrt,3,77
483,484,"a, e, n, sinI",1.000,0.891,0.993,0.939,balanced,3.0,sqrt,3,78
484,485,"a, e, n, sinI",1.000,0.891,0.993,0.939,balanced,3.0,sqrt,3,79
485,486,"a, e, n, sinI",1.000,0.891,0.993,0.939,balanced,3.0,sqrt,3,80
486,487,"a, e, n, sinI",1.000,0.891,0.993,0.939,balanced,3.0,sqrt,3,81
487,488,"a, e, n, sinI",1.000,0.891,0.993,0.939,balanced,3.0,sqrt,3,82
488,489,"a, e, n, sinI",1.000,0.891,0.993,0.939,balanced,3.0,sqrt,3,83
489,490,"a, e, n, sinI",1.000,0.891,0.993,0.939,balanced,3.0,sqrt,3,84
490,491,"a, e, n, sinI",1.000,0.891,0.993,0.939,balanced,3.0,sqrt,3,85
491,492,"a, e, n, sinI",1.000,0.891,0.993,0.939,balanced,3.0,sqrt,3,86
492,493,"a, e, n, sinI",1.000,0.891,0.993,0.939,balanced,3.0,sqrt,3,87
493,494,"a, e, n, sinI",1.000,0.891,0.993,0.939,balanced,3.0,sqrt,3,88
494,495,"a, e, n, sinI",1.000,0.891,0.993,0.939,balanced,3.0,sqrt,3,89
495,496,"a, e, n, sinI",1.000,0.891,0.993,0.939,balanced,3.0,sqrt,3,90
496,497,"a, e, n, sinI",1.000,0.891,0.993,0.939,balanced,3.0,sqrt,3,91
497,498,"a, e, n, sinI",1.000,0.891,0.993,0.939,balanced,3.0,sqrt,3,92
498,499,"a, e, n, sinI",1.000,0.891,0.993,0.939,balanced,3.0,sqrt,3,93
499,500,"a, e, n, sinI",1.000,0.891,0.993,0.939,balanced,3.0,sqrt,3,94
500,501,"a, e, n, sinI",1.000,0.891,0.993,0.939,balanced,3.0,sqrt,3,95
501,502,"a, e, n, sinI",1.000,0.891,0.993,0.939,balanced,3.0,sqrt,3,96
502,503,"a, e, n, sinI",1.000,0.935,0.948,0.938,,7.0,sqrt,3,23
503,504,"a, e, n, sinI",1.000,0.935,0.948,0.938,,7.0,sqrt,3,25
504,505,"a, e, n, sinI",1.000,0.935,0.948,0.938,,7.0,sqrt,3,26
505,506,"a, e, n, sinI",1.000,0.935,0.948,0.938,,7.0,sqrt,3,28
506,507,"a, e, n, sinI",1.000,0.897,0.985,0.938,balanced,3.0,sqrt,3,18
507,508,"a, e, n, sinI",1.000,0.897,0.985,0.938,balanced,3.0,sqrt,3,19
508,509,"a, e, n, sinI",1.000,0.897,0.985,0.938,balanced,3.0,sqrt,3,21
509,510,"a, e, n, sinI",1.000,0.942,0.940,0.938,,,sqrt,3,28
510,511,"a, e, n, sinI",1.000,0.942,0.940,0.938,,,sqrt,3,37
511,512,"a, e, n, sinI",1.000,0.942,0.940,0.938,,,sqrt,3,39
512,513,"a, e, n, sinI",1.000,0.942,0.940,0.938,,,sqrt,3,40
513,514,"a, e, n, sinI",1.000,0.942,0.940,0.938,,,sqrt,3,41
514,515,"a, e, n, sinI",1.000,0.942,0.940,0.938,,,sqrt,3,42
515,516,"a, e, n, sinI",1.000,0.942,0.940,0.938,,,sqrt,3,43
516,517,"a, e, n, sinI",1.000,0.942,0.940,0.938,,,sqrt,3,44
517,518,"a, e, n, sinI",1.000,0.942,0.940,0.938,,3.0,sqrt,3,6
518,519,"a, e, n, sinI",1.000,0.942,0.940,0.938,,7.0,sqrt,3,42
519,520,"a, e, n, sinI",1.000,0.942,0.940,0.938,,7.0,sqrt,3,43
520,521,"a, e, n, sinI",1.000,0.942,0.940,0.938,,7.0,sqrt,3,44
521,522,"a, e, n, sinI",1.000,0.942,0.940,0.938,,7.0,sqrt,3,45
522,523,"a, e, n, sinI",1.000,0.942,0.940,0.938,,7.0,sqrt,3,46
523,524,"a, e, n, sinI",1.000,0.942,0.940,0.938,,7.0,sqrt,3,47
524,525,"a, e, n, sinI",1.000,0.942,0.940,0.938,,7.0,sqrt,3,48
525,526,"a, e, n, sinI",1.000,0.942,0.940,0.938,,7.0,sqrt,3,50
526,527,"a, e, n, sinI",1.000,0.942,0.940,0.938,,7.0,sqrt,3,51
527,528,"a, e, n, sinI",1.000,0.942,0.940,0.938,,7.0,sqrt,3,52
528,529,"a, e, n, sinI",1.000,0.942,0.940,0.938,,7.0,sqrt,3,53
529,530,"a, e, n, sinI",1.000,0.942,0.940,0.938,,7.0,sqrt,3,55
530,531,"a, e, n, sinI",1.000,0.942,0.940,0.938,,7.0,sqrt,3,57
531,532,"a, e, n, sinI",1.000,0.896,0.985,0.938,balanced,3.0,sqrt,3,4
532,533,"a, e, n, sinI",1.000,0.896,0.985,0.938,balanced,3.0,sqrt,3,8
533,534,"a, e, n, sinI",1.000,0.906,0.978,0.938,balanced,3.0,sqrt,3,1
534,535,"a, e, n, sinI",1.000,0.916,0.962,0.937,,3.0,sqrt,3,1
535,536,"a, e, n, sinI",1.000,0.885,0.993,0.935,balanced,3.0,sqrt,3,97
536,537,"a, e, n, sinI",1.000,0.885,0.993,0.935,balanced,3.0,sqrt,3,98
537,538,"a, e, n, sinI",1.000,0.885,0.993,0.935,balanced,3.0,sqrt,3,99
538,539,"a, e, n, sinI",1.000,0.885,0.993,0.935,balanced,3.0,sqrt,3,100
539,540,"a, e, n, sinI",1.000,0.891,0.985,0.935,balanced,3.0,sqrt,3,41
540,541,"a, e, n, sinI",1.000,0.891,0.985,0.935,balanced,3.0,sqrt,3,42
541,542,"a, e, n, sinI",1.000,0.891,0.985,0.935,balanced,3.0,sqrt,3,43
542,543,"a, e, n, sinI",1.000,0.891,0.985,0.935,balanced,3.0,sqrt,3,44
543,544,"a, e, n, sinI",1.000,0.891,0.985,0.935,balanced,3.0,sqrt,3,45
544,545,"a, e, n, sinI",1.000,0.891,0.985,0.935,balanced,3.0,sqrt,3,62
545,546,"a, e, n, sinI",1.000,0.891,0.985,0.935,balanced,3.0,sqrt,3,72
546,547,"a, e, n, sinI",1.000,0.891,0.985,0.935,balanced,3.0,sqrt,3,73
547,548,"a, e, n, sinI",1.000,0.891,0.985,0.935,balanced,3.0,sqrt,3,74
548,549,"a, e, n, sinI",1.000,0.891,0.985,0.935,balanced,3.0,sqrt,3,20
549,550,"a, e, n, sinI",1.000,0.891,0.985,0.935,balanced,3.0,sqrt,3,22
550,551,"a, e, n, sinI",1.000,0.891,0.985,0.935,balanced,3.0,sqrt,3,23
551,552,"a, e, n, sinI",1.000,0.891,0.985,0.935,balanced,3.0,sqrt,3,24
552,553,"a, e, n, sinI",1.000,0.891,0.985,0.935,balanced,3.0,sqrt,3,25
553,554,"a, e, n, sinI",1.000,0.891,0.985,0.935,balanced,3.0,sqrt,3,26
554,555,"a, e, n, sinI",1.000,0.891,0.985,0.935,balanced,3.0,sqrt,3,27
555,556,"a, e, n, sinI",1.000,0.891,0.985,0.935,balanced,3.0,sqrt,3,28
556,557,"a, e, n, sinI",1.000,0.891,0.985,0.935,balanced,3.0,sqrt,3,29
557,558,"a, e, n, sinI",1.000,0.891,0.985,0.935,balanced,3.0,sqrt,3,33
558,559,"a, e, n, sinI",1.000,0.891,0.985,0.935,balanced,3.0,sqrt,3,34
559,560,"a, e, n, sinI",1.000,0.891,0.985,0.935,balanced,3.0,sqrt,3,35
560,561,"a, e, n, sinI",1.000,0.891,0.985,0.935,balanced,3.0,sqrt,3,36
561,562,"a, e, n, sinI",1.000,0.890,0.985,0.935,balanced,3.0,sqrt,3,3
562,563,"a, e, n, sinI",1.000,0.897,0.978,0.934,balanced,3.0,sqrt,3,11
563,564,"a, e, n, sinI",1.000,0.885,0.985,0.932,balanced,3.0,sqrt,3,30
564,565,"a, e, n, sinI",1.000,0.885,0.985,0.932,balanced,3.0,sqrt,3,31
565,566,"a, e, n, sinI",1.000,0.885,0.985,0.932,balanced,3.0,sqrt,3,32
566,567,"a, e, n, sinI",1.000,0.885,0.985,0.932,balanced,3.0,sqrt,3,37
567,568,"a, e, n, sinI",1.000,0.885,0.985,0.932,balanced,3.0,sqrt,3,38
568,569,"a, e, n, sinI",1.000,0.885,0.985,0.932,balanced,3.0,sqrt,3,39
569,570,"a, e, n, sinI",1.000,0.885,0.985,0.932,balanced,3.0,sqrt,3,40
570,571,"a, e, n, sinI",1.000,0.885,0.985,0.932,balanced,3.0,sqrt,3,46
571,572,"a, e, n, sinI",1.000,0.885,0.985,0.932,balanced,3.0,sqrt,3,47
572,573,"a, e, n, sinI",1.000,0.885,0.985,0.932,balanced,3.0,sqrt,3,48
573,574,"a, e, n, sinI",1.000,0.885,0.985,0.932,balanced,3.0,sqrt,3,49
574,575,"a, e, n, sinI",1.000,0.885,0.985,0.932,balanced,3.0,sqrt,3,50
575,576,"a, e, n, sinI",1.000,0.885,0.985,0.932,balanced,3.0,sqrt,3,51
576,577,"a, e, n, sinI",1.000,0.885,0.985,0.932,balanced,3.0,sqrt,3,52
577,578,"a, e, n, sinI",1.000,0.885,0.985,0.932,balanced,3.0,sqrt,3,53
578,579,"a, e, n, sinI",1.000,0.885,0.985,0.932,balanced,3.0,sqrt,3,54
579,580,"a, e, n, sinI",1.000,0.885,0.985,0.932,balanced,3.0,sqrt,3,55
580,581,"a, e, n, sinI",1.000,0.885,0.985,0.932,balanced,3.0,sqrt,3,56
581,582,"a, e, n, sinI",1.000,0.885,0.985,0.932,balanced,3.0,sqrt,3,57
582,583,"a, e, n, sinI",1.000,0.885,0.985,0.932,balanced,3.0,sqrt,3,58
583,584,"a, e, n, sinI",1.000,0.885,0.985,0.932,balanced,3.0,sqrt,3,59
584,585,"a, e, n, sinI",1.000,0.885,0.985,0.932,balanced,3.0,sqrt,3,60
585,586,"a, e, n, sinI",1.000,0.885,0.985,0.932,balanced,3.0,sqrt,3,61
586,587,"a, e, n, sinI",1.000,0.962,0.910,0.932,balanced,7.0,sqrt,3,2
587,588,"a, e, n, sinI",1.000,0.884,0.985,0.931,balanced,3.0,sqrt,3,6
588,589,"a, e, n, sinI",1.000,0.964,0.910,0.931,,,sqrt,3,2
589,590,"a, e, n, sinI",1.000,0.955,0.918,0.931,,3.0,sqrt,3,3
590,591,"a, e, n, sinI",1.000,0.890,0.978,0.931,balanced,3.0,sqrt,3,9
591,592,"a, e, n, sinI",1.000,0.942,0.925,0.928,,,sqrt,3,1
592,593,"a, e, n, sinI",1.000,0.942,0.925,0.928,,7.0,sqrt,3,1
593,594,"a, e, n, sinI",1.000,0.878,0.985,0.928,balanced,3.0,sqrt,3,5
594,595,"a, e, n, sinI",1.000,0.878,0.985,0.928,balanced,3.0,sqrt,3,7
595,596,"a, e, n, sinI",1.000,0.957,0.910,0.928,,7.0,sqrt,3,2
596,597,"a, e, n, sinI",1.000,0.922,0.932,0.923,balanced,7.0,sqrt,3,1
597,598,"a, e, n, sinI",1.000,0.948,0.902,0.919,,3.0,sqrt,3,4
598,599,"a, e, n, sinI",0.999,0.959,0.879,0.914,balanced,,sqrt,3,2
599,600,"a, e, n, sinI",0.999,0.919,0.902,0.906,balanced,,sqrt,3,1
